file,line,type,commit,author,date,time,timezone,datetime,depth,length
style.css,1,css,019c3671,xiaocheng05,2026-04-10,21:53:00,-07:00,2026-04-10T21:53:00-07:00,0,5
style.css,2,css,019c3671,xiaocheng05,2026-04-10,21:53:00,-07:00,2026-04-10T21:53:00-07:00,1,31
style.css,3,css,019c3671,xiaocheng05,2026-04-10,21:53:00,-07:00,2026-04-10T21:53:00-07:00,0,0
style.css,4,css,019c3671,xiaocheng05,2026-04-10,21:53:00,-07:00,2026-04-10T21:53:00-07:00,0,0
style.css,5,css,35a9c992,xiaocheng05,2026-04-17,21:43:33,-07:00,2026-04-17T21:43:33-07:00,0,4
style.css,6,css,35a9c992,xiaocheng05,2026-04-17,21:43:33,-07:00,2026-04-17T21:43:33-07:00,1,23
style.css,7,css,35a9c992,xiaocheng05,2026-04-17,21:43:33,-07:00,2026-04-17T21:43:33-07:00,0,0
style.css,8,css,35a9c992,xiaocheng05,2026-04-17,21:43:33,-07:00,2026-04-17T21:43:33-07:00,0,0
style.css,9,css,790a8d9b,xiaocheng05,2026-04-03,23:17:02,-07:00,2026-04-03T23:17:02-07:00,0,4
style.css,10,css,790a8d9b,xiaocheng05,2026-04-03,23:17:02,-07:00,2026-04-03T23:17:02-07:00,1,23
style.css,11,css,019c3671,xiaocheng05,2026-04-10,21:53:00,-07:00,2026-04-10T21:53:00-07:00,1,0
style.css,12,css,019c3671,xiaocheng05,2026-04-10,21:53:00,-07:00,2026-04-10T21:53:00-07:00,1,15
style.css,13,css,019c3671,xiaocheng05,2026-04-10,21:53:00,-07:00,2026-04-10T21:53:00-07:00,1,13
style.css,14,css,019c3671,xiaocheng05,2026-04-10,21:53:00,-07:00,2026-04-10T21:53:00-07:00,1,12
style.css,15,css,019c3671,xiaocheng05,2026-04-10,21:53:00,-07:00,2026-04-10T21:53:00-07:00,0,0
style.css,16,css,019c3671,xiaocheng05,2026-04-10,21:53:00,-07:00,2026-04-10T21:53:00-07:00,0,0
style.css,17,css,019c3671,xiaocheng05,2026-04-10,21:53:00,-07:00,2026-04-10T21:53:00-07:00,0,0
style.css,18,css,019c3671,xiaocheng05,2026-04-10,21:53:00,-07:00,2026-04-10T21:53:00-07:00,0,5
style.css,19,css,019c3671,xiaocheng05,2026-04-10,21:53:00,-07:00,2026-04-10T21:53:00-07:00,0,6
style.css,20,css,019c3671,xiaocheng05,2026-04-10,21:53:00,-07:00,2026-04-10T21:53:00-07:00,1,16
style.css,21,css,019c3671,xiaocheng05,2026-04-10,21:53:00,-07:00,2026-04-10T21:53:00-07:00,0,0
style.css,22,css,019c3671,xiaocheng05,2026-04-10,21:53:00,-07:00,2026-04-10T21:53:00-07:00,0,0
style.css,23,css,35a9c992,xiaocheng05,2026-04-17,21:43:33,-07:00,2026-04-17T21:43:33-07:00,0,3
style.css,24,css,35a9c992,xiaocheng05,2026-04-17,21:43:33,-07:00,2026-04-17T21:43:33-07:00,1,39
style.css,25,css,35a9c992,xiaocheng05,2026-04-17,21:43:33,-07:00,2026-04-17T21:43:33-07:00,0,0
style.css,26,css,35a9c992,xiaocheng05,2026-04-17,21:43:33,-07:00,2026-04-17T21:43:33-07:00,0,0
style.css,27,css,019c3671,xiaocheng05,2026-04-10,21:53:00,-07:00,2026-04-10T21:53:00-07:00,0,3
style.css,28,css,019c3671,xiaocheng05,2026-04-10,21:53:00,-07:00,2026-04-10T21:53:00-07:00,1,12
style.css,29,css,019c3671,xiaocheng05,2026-04-10,21:53:00,-07:00,2026-04-10T21:53:00-07:00,1,18
style.css,30,css,35a9c992,xiaocheng05,2026-04-17,21:43:33,-07:00,2026-04-17T21:43:33-07:00,1,43
style.css,31,css,019c3671,xiaocheng05,2026-04-10,21:53:00,-07:00,2026-04-10T21:53:00-07:00,0,0
style.css,32,css,019c3671,xiaocheng05,2026-04-10,21:53:00,-07:00,2026-04-10T21:53:00-07:00,0,0
style.css,33,css,019c3671,xiaocheng05,2026-04-10,21:53:00,-07:00,2026-04-10T21:53:00-07:00,0,5
style.css,34,css,019c3671,xiaocheng05,2026-04-10,21:53:00,-07:00,2026-04-10T21:53:00-07:00,1,20
style.css,35,css,019c3671,xiaocheng05,2026-04-10,21:53:00,-07:00,2026-04-10T21:53:00-07:00,1,13
style.css,36,css,019c3671,xiaocheng05,2026-04-10,21:53:00,-07:00,2026-04-10T21:53:00-07:00,1,17
style.css,37,css,019c3671,xiaocheng05,2026-04-10,21:53:00,-07:00,2026-04-10T21:53:00-07:00,1,13
style.css,38,css,019c3671,xiaocheng05,2026-04-10,21:53:00,-07:00,2026-04-10T21:53:00-07:00,1,6
style.css,39,css,019c3671,xiaocheng05,2026-04-10,21:53:00,-07:00,2026-04-10T21:53:00-07:00,0,0
style.css,40,css,019c3671,xiaocheng05,2026-04-10,21:53:00,-07:00,2026-04-10T21:53:00-07:00,0,0
style.css,41,css,019c3671,xiaocheng05,2026-04-10,21:53:00,-07:00,2026-04-10T21:53:00-07:00,0,11
style.css,42,css,019c3671,xiaocheng05,2026-04-10,21:53:00,-07:00,2026-04-10T21:53:00-07:00,1,45
style.css,43,css,019c3671,xiaocheng05,2026-04-10,21:53:00,-07:00,2026-04-10T21:53:00-07:00,1,34
style.css,44,css,019c3671,xiaocheng05,2026-04-10,21:53:00,-07:00,2026-04-10T21:53:00-07:00,0,0
style.css,45,css,019c3671,xiaocheng05,2026-04-10,21:53:00,-07:00,2026-04-10T21:53:00-07:00,0,0
style.css,46,css,019c3671,xiaocheng05,2026-04-10,21:53:00,-07:00,2026-04-10T21:53:00-07:00,0,13
style.css,47,css,019c3671,xiaocheng05,2026-04-10,21:53:00,-07:00,2026-04-10T21:53:00-07:00,1,43
style.css,48,css,019c3671,xiaocheng05,2026-04-10,21:53:00,-07:00,2026-04-10T21:53:00-07:00,1,34
style.css,49,css,019c3671,xiaocheng05,2026-04-10,21:53:00,-07:00,2026-04-10T21:53:00-07:00,0,0
style.css,50,css,019c3671,xiaocheng05,2026-04-10,21:53:00,-07:00,2026-04-10T21:53:00-07:00,0,0
style.css,51,css,019c3671,xiaocheng05,2026-04-10,21:53:00,-07:00,2026-04-10T21:53:00-07:00,0,4
style.css,52,css,019c3671,xiaocheng05,2026-04-10,21:53:00,-07:00,2026-04-10T21:53:00-07:00,1,12
style.css,53,css,019c3671,xiaocheng05,2026-04-10,21:53:00,-07:00,2026-04-10T21:53:00-07:00,1,30
style.css,54,css,019c3671,xiaocheng05,2026-04-10,21:53:00,-07:00,2026-04-10T21:53:00-07:00,1,7
style.css,55,css,019c3671,xiaocheng05,2026-04-10,21:53:00,-07:00,2026-04-10T21:53:00-07:00,0,0
style.css,56,css,019c3671,xiaocheng05,2026-04-10,21:53:00,-07:00,2026-04-10T21:53:00-07:00,0,0
style.css,57,css,019c3671,xiaocheng05,2026-04-10,21:53:00,-07:00,2026-04-10T21:53:00-07:00,0,5
style.css,58,css,019c3671,xiaocheng05,2026-04-10,21:53:00,-07:00,2026-04-10T21:53:00-07:00,1,12
style.css,59,css,019c3671,xiaocheng05,2026-04-10,21:53:00,-07:00,2026-04-10T21:53:00-07:00,1,29
style.css,60,css,019c3671,xiaocheng05,2026-04-10,21:53:00,-07:00,2026-04-10T21:53:00-07:00,0,0
style.css,61,css,019c3671,xiaocheng05,2026-04-10,21:53:00,-07:00,2026-04-10T21:53:00-07:00,0,0
style.css,62,css,019c3671,xiaocheng05,2026-04-10,21:53:00,-07:00,2026-04-10T21:53:00-07:00,0,4
style.css,63,css,019c3671,xiaocheng05,2026-04-10,21:53:00,-07:00,2026-04-10T21:53:00-07:00,0,6
style.css,64,css,019c3671,xiaocheng05,2026-04-10,21:53:00,-07:00,2026-04-10T21:53:00-07:00,1,18
style.css,65,css,019c3671,xiaocheng05,2026-04-10,21:53:00,-07:00,2026-04-10T21:53:00-07:00,0,0
style.css,66,css,019c3671,xiaocheng05,2026-04-10,21:53:00,-07:00,2026-04-10T21:53:00-07:00,0,0
style.css,67,css,019c3671,xiaocheng05,2026-04-10,21:53:00,-07:00,2026-04-10T21:53:00-07:00,0,4
style.css,68,css,019c3671,xiaocheng05,2026-04-10,21:53:00,-07:00,2026-04-10T21:53:00-07:00,0,7
style.css,69,css,019c3671,xiaocheng05,2026-04-10,21:53:00,-07:00,2026-04-10T21:53:00-07:00,0,6
style.css,70,css,019c3671,xiaocheng05,2026-04-10,21:53:00,-07:00,2026-04-10T21:53:00-07:00,1,12
style.css,71,css,019c3671,xiaocheng05,2026-04-10,21:53:00,-07:00,2026-04-10T21:53:00-07:00,0,0
style.css,72,css,019c3671,xiaocheng05,2026-04-10,21:53:00,-07:00,2026-04-10T21:53:00-07:00,0,0
style.css,73,css,019c3671,xiaocheng05,2026-04-10,21:53:00,-07:00,2026-04-10T21:53:00-07:00,0,9
style.css,74,css,019c3671,xiaocheng05,2026-04-10,21:53:00,-07:00,2026-04-10T21:53:00-07:00,1,12
style.css,75,css,019c3671,xiaocheng05,2026-04-10,21:53:00,-07:00,2026-04-10T21:53:00-07:00,0,0
style.css,76,css,019c3671,xiaocheng05,2026-04-10,21:53:00,-07:00,2026-04-10T21:53:00-07:00,0,0
style.css,77,css,019c3671,xiaocheng05,2026-04-10,21:53:00,-07:00,2026-04-10T21:53:00-07:00,0,9
style.css,78,css,019c3671,xiaocheng05,2026-04-10,21:53:00,-07:00,2026-04-10T21:53:00-07:00,1,12
style.css,79,css,019c3671,xiaocheng05,2026-04-10,21:53:00,-07:00,2026-04-10T21:53:00-07:00,1,58
style.css,80,css,019c3671,xiaocheng05,2026-04-10,21:53:00,-07:00,2026-04-10T21:53:00-07:00,0,0
style.css,81,css,019c3671,xiaocheng05,2026-04-10,21:53:00,-07:00,2026-04-10T21:53:00-07:00,0,0
style.css,82,css,019c3671,xiaocheng05,2026-04-10,21:53:00,-07:00,2026-04-10T21:53:00-07:00,0,17
style.css,83,css,019c3671,xiaocheng05,2026-04-10,21:53:00,-07:00,2026-04-10T21:53:00-07:00,1,12
style.css,84,css,019c3671,xiaocheng05,2026-04-10,21:53:00,-07:00,2026-04-10T21:53:00-07:00,0,0
style.css,85,css,019c3671,xiaocheng05,2026-04-10,21:53:00,-07:00,2026-04-10T21:53:00-07:00,0,0
style.css,86,css,019c3671,xiaocheng05,2026-04-10,21:53:00,-07:00,2026-04-10T21:53:00-07:00,0,17
style.css,87,css,019c3671,xiaocheng05,2026-04-10,21:53:00,-07:00,2026-04-10T21:53:00-07:00,1,12
style.css,88,css,019c3671,xiaocheng05,2026-04-10,21:53:00,-07:00,2026-04-10T21:53:00-07:00,1,26
style.css,89,css,019c3671,xiaocheng05,2026-04-10,21:53:00,-07:00,2026-04-10T21:53:00-07:00,0,0
style.css,90,css,019c3671,xiaocheng05,2026-04-10,21:53:00,-07:00,2026-04-10T21:53:00-07:00,0,0
style.css,91,css,019c3671,xiaocheng05,2026-04-10,21:53:00,-07:00,2026-04-10T21:53:00-07:00,0,17
style.css,92,css,019c3671,xiaocheng05,2026-04-10,21:53:00,-07:00,2026-04-10T21:53:00-07:00,1,15
style.css,93,css,019c3671,xiaocheng05,2026-04-10,21:53:00,-07:00,2026-04-10T21:53:00-07:00,0,0
style.css,94,css,019c3671,xiaocheng05,2026-04-10,21:53:00,-07:00,2026-04-10T21:53:00-07:00,0,0
style.css,95,css,019c3671,xiaocheng05,2026-04-10,21:53:00,-07:00,2026-04-10T21:53:00-07:00,0,2
style.css,96,css,019c3671,xiaocheng05,2026-04-10,21:53:00,-07:00,2026-04-10T21:53:00-07:00,1,14
style.css,97,css,019c3671,xiaocheng05,2026-04-10,21:53:00,-07:00,2026-04-10T21:53:00-07:00,0,0
style.css,98,css,019c3671,xiaocheng05,2026-04-10,21:53:00,-07:00,2026-04-10T21:53:00-07:00,0,0
style.css,99,css,019c3671,xiaocheng05,2026-04-10,21:53:00,-07:00,2026-04-10T21:53:00-07:00,0,1
style.css,100,css,019c3671,xiaocheng05,2026-04-10,21:53:00,-07:00,2026-04-10T21:53:00-07:00,0,1
style.css,101,css,019c3671,xiaocheng05,2026-04-10,21:53:00,-07:00,2026-04-10T21:53:00-07:00,0,1
style.css,102,css,019c3671,xiaocheng05,2026-04-10,21:53:00,-07:00,2026-04-10T21:53:00-07:00,0,1
style.css,103,css,019c3671,xiaocheng05,2026-04-10,21:53:00,-07:00,2026-04-10T21:53:00-07:00,0,1
style.css,104,css,019c3671,xiaocheng05,2026-04-10,21:53:00,-07:00,2026-04-10T21:53:00-07:00,0,2
style.css,105,css,019c3671,xiaocheng05,2026-04-10,21:53:00,-07:00,2026-04-10T21:53:00-07:00,1,15
style.css,106,css,019c3671,xiaocheng05,2026-04-10,21:53:00,-07:00,2026-04-10T21:53:00-07:00,1,17
style.css,107,css,019c3671,xiaocheng05,2026-04-10,21:53:00,-07:00,2026-04-10T21:53:00-07:00,0,0
style.css,108,css,019c3671,xiaocheng05,2026-04-10,21:53:00,-07:00,2026-04-10T21:53:00-07:00,0,0
style.css,109,css,35a9c992,xiaocheng05,2026-04-17,21:43:33,-07:00,2026-04-17T21:43:33-07:00,0,13
style.css,110,css,35a9c992,xiaocheng05,2026-04-17,21:43:33,-07:00,2026-04-17T21:43:33-07:00,1,17
style.css,111,css,35a9c992,xiaocheng05,2026-04-17,21:43:33,-07:00,2026-04-17T21:43:33-07:00,1,8
style.css,112,css,35a9c992,xiaocheng05,2026-04-17,21:43:33,-07:00,2026-04-17T21:43:33-07:00,1,10
style.css,113,css,35a9c992,xiaocheng05,2026-04-17,21:43:33,-07:00,2026-04-17T21:43:33-07:00,1,13
style.css,114,css,35a9c992,xiaocheng05,2026-04-17,21:43:33,-07:00,2026-04-17T21:43:33-07:00,0,0
style.css,115,css,35a9c992,xiaocheng05,2026-04-17,21:43:33,-07:00,2026-04-17T21:43:33-07:00,0,0
style.css,116,css,1fea8983,xiaocheng05,2026-04-24,21:03:50,-07:00,2026-04-24T21:03:50-07:00,0,11
style.css,117,css,1fea8983,xiaocheng05,2026-04-24,21:03:50,-07:00,2026-04-24T21:03:50-07:00,1,12
style.css,118,css,1fea8983,xiaocheng05,2026-04-24,21:03:50,-07:00,2026-04-24T21:03:50-07:00,1,36
style.css,119,css,1fea8983,xiaocheng05,2026-04-24,21:03:50,-07:00,2026-04-24T21:03:50-07:00,1,8
style.css,120,css,1fea8983,xiaocheng05,2026-04-24,21:03:50,-07:00,2026-04-24T21:03:50-07:00,0,0
style.css,121,css,1fea8983,xiaocheng05,2026-04-24,21:03:50,-07:00,2026-04-24T21:03:50-07:00,0,0
style.css,122,css,1fea8983,xiaocheng05,2026-04-24,21:03:50,-07:00,2026-04-24T21:03:50-07:00,0,12
style.css,123,css,1fea8983,xiaocheng05,2026-04-24,21:03:50,-07:00,2026-04-24T21:03:50-07:00,1,16
style.css,124,css,1fea8983,xiaocheng05,2026-04-24,21:03:50,-07:00,2026-04-24T21:03:50-07:00,1,24
style.css,125,css,1fea8983,xiaocheng05,2026-04-24,21:03:50,-07:00,2026-04-24T21:03:50-07:00,1,13
style.css,126,css,1fea8983,xiaocheng05,2026-04-24,21:03:50,-07:00,2026-04-24T21:03:50-07:00,1,20
style.css,127,css,1fea8983,xiaocheng05,2026-04-24,21:03:50,-07:00,2026-04-24T21:03:50-07:00,0,0
style.css,128,css,1fea8983,xiaocheng05,2026-04-24,21:03:50,-07:00,2026-04-24T21:03:50-07:00,0,0
style.css,129,css,1fea8983,xiaocheng05,2026-04-24,21:03:50,-07:00,2026-04-24T21:03:50-07:00,0,12
style.css,130,css,1fea8983,xiaocheng05,2026-04-24,21:03:50,-07:00,2026-04-24T21:03:50-07:00,1,14
style.css,131,css,1fea8983,xiaocheng05,2026-04-24,21:03:50,-07:00,2026-04-24T21:03:50-07:00,1,15
style.css,132,css,0f962668,xiaocheng05,2026-05-02,23:37:56,-07:00,2026-05-02T23:37:56-07:00,0,0
style.css,133,css,0f962668,xiaocheng05,2026-05-02,23:37:56,-07:00,2026-05-02T23:37:56-07:00,0,0
style.css,134,css,0f962668,xiaocheng05,2026-05-02,23:37:56,-07:00,2026-05-02T23:37:56-07:00,0,13
style.css,135,css,0f962668,xiaocheng05,2026-05-02,23:37:56,-07:00,2026-05-02T23:37:56-07:00,1,78
style.css,136,css,0f962668,xiaocheng05,2026-05-02,23:37:56,-07:00,2026-05-02T23:37:56-07:00,1,17
style.css,137,css,0f962668,xiaocheng05,2026-05-02,23:37:56,-07:00,2026-05-02T23:37:56-07:00,1,10
style.css,138,css,0f962668,xiaocheng05,2026-05-02,23:37:56,-07:00,2026-05-02T23:37:56-07:00,1,14
style.css,139,css,0f962668,xiaocheng05,2026-05-02,23:37:56,-07:00,2026-05-02T23:37:56-07:00,0,0
style.css,140,css,0f962668,xiaocheng05,2026-05-02,23:37:56,-07:00,2026-05-02T23:37:56-07:00,0,0
style.css,141,css,0f962668,xiaocheng05,2026-05-02,23:37:56,-07:00,2026-05-02T23:37:56-07:00,0,18
style.css,142,css,0f962668,xiaocheng05,2026-05-02,23:37:56,-07:00,2026-05-02T23:37:56-07:00,1,14
style.css,143,css,0f962668,xiaocheng05,2026-05-02,23:37:56,-07:00,2026-05-02T23:37:56-07:00,1,16
style.css,144,css,0f962668,xiaocheng05,2026-05-02,23:37:56,-07:00,2026-05-02T23:37:56-07:00,0,0
style.css,145,css,0f962668,xiaocheng05,2026-05-02,23:37:56,-07:00,2026-05-02T23:37:56-07:00,1,16
style.css,146,css,0f962668,xiaocheng05,2026-05-02,23:37:56,-07:00,2026-05-02T23:37:56-07:00,0,0
style.css,147,css,0f962668,xiaocheng05,2026-05-02,23:37:56,-07:00,2026-05-02T23:37:56-07:00,0,0
style.css,148,css,0f962668,xiaocheng05,2026-05-02,23:37:56,-07:00,2026-05-02T23:37:56-07:00,0,10
style.css,149,css,0f962668,xiaocheng05,2026-05-02,23:37:56,-07:00,2026-05-02T23:37:56-07:00,1,12
style.css,150,css,0f962668,xiaocheng05,2026-05-02,23:37:56,-07:00,2026-05-02T23:37:56-07:00,1,56
style.css,151,css,0f962668,xiaocheng05,2026-05-02,23:37:56,-07:00,2026-05-02T23:37:56-07:00,1,57
style.css,152,css,0f962668,xiaocheng05,2026-05-02,23:37:56,-07:00,2026-05-02T23:37:56-07:00,0,0
style.css,153,css,0f962668,xiaocheng05,2026-05-02,23:37:56,-07:00,2026-05-02T23:37:56-07:00,0,0
style.css,154,css,0f962668,xiaocheng05,2026-05-02,23:37:56,-07:00,2026-05-02T23:37:56-07:00,0,20
style.css,155,css,0f962668,xiaocheng05,2026-05-02,23:37:56,-07:00,2026-05-02T23:37:56-07:00,0,14
style.css,156,css,0f962668,xiaocheng05,2026-05-02,23:37:56,-07:00,2026-05-02T23:37:56-07:00,1,11
style.css,157,css,0f962668,xiaocheng05,2026-05-02,23:37:56,-07:00,2026-05-02T23:37:56-07:00,1,12
style.css,158,css,0f962668,xiaocheng05,2026-05-02,23:37:56,-07:00,2026-05-02T23:37:56-07:00,1,44
style.css,159,css,0f962668,xiaocheng05,2026-05-02,23:37:56,-07:00,2026-05-02T23:37:56-07:00,0,0
style.css,160,css,0f962668,xiaocheng05,2026-05-02,23:37:56,-07:00,2026-05-02T23:37:56-07:00,0,0
style.css,161,css,0f962668,xiaocheng05,2026-05-02,23:37:56,-07:00,2026-05-02T23:37:56-07:00,0,50
style.css,162,css,0f962668,xiaocheng05,2026-05-02,23:37:56,-07:00,2026-05-02T23:37:56-07:00,0,7
style.css,163,css,0f962668,xiaocheng05,2026-05-02,23:37:56,-07:00,2026-05-02T23:37:56-07:00,1,12
style.css,164,css,0f962668,xiaocheng05,2026-05-02,23:37:56,-07:00,2026-05-02T23:37:56-07:00,1,57
style.css,165,css,0f962668,xiaocheng05,2026-05-02,23:37:56,-07:00,2026-05-02T23:37:56-07:00,1,7
style.css,166,css,0f962668,xiaocheng05,2026-05-02,23:37:56,-07:00,2026-05-02T23:37:56-07:00,1,11
style.css,167,css,0f962668,xiaocheng05,2026-05-02,23:37:56,-07:00,2026-05-02T23:37:56-07:00,1,8
style.css,168,css,0f962668,xiaocheng05,2026-05-02,23:37:56,-07:00,2026-05-02T23:37:56-07:00,1,21
style.css,169,css,0f962668,xiaocheng05,2026-05-02,23:37:56,-07:00,2026-05-02T23:37:56-07:00,1,15
style.css,170,css,0f962668,xiaocheng05,2026-05-02,23:37:56,-07:00,2026-05-02T23:37:56-07:00,1,58
style.css,171,css,0f962668,xiaocheng05,2026-05-02,23:37:56,-07:00,2026-05-02T23:37:56-07:00,0,0
style.css,172,css,0f962668,xiaocheng05,2026-05-02,23:37:56,-07:00,2026-05-02T23:37:56-07:00,0,0
style.css,173,css,0f962668,xiaocheng05,2026-05-02,23:37:56,-07:00,2026-05-02T23:37:56-07:00,0,12
style.css,174,css,0f962668,xiaocheng05,2026-05-02,23:37:56,-07:00,2026-05-02T23:37:56-07:00,1,12
style.css,175,css,0f962668,xiaocheng05,2026-05-02,23:37:56,-07:00,2026-05-02T23:37:56-07:00,1,18
style.css,176,css,0f962668,xiaocheng05,2026-05-02,23:37:56,-07:00,2026-05-02T23:37:56-07:00,1,9
style.css,177,css,0f962668,xiaocheng05,2026-05-02,23:37:56,-07:00,2026-05-02T23:37:56-07:00,0,0
style.css,178,css,0f962668,xiaocheng05,2026-05-02,23:37:56,-07:00,2026-05-02T23:37:56-07:00,0,0
style.css,179,css,0f962668,xiaocheng05,2026-05-02,23:37:56,-07:00,2026-05-02T23:37:56-07:00,0,20
style.css,180,css,0f962668,xiaocheng05,2026-05-02,23:37:56,-07:00,2026-05-02T23:37:56-07:00,1,9
style.css,181,css,0f962668,xiaocheng05,2026-05-02,23:37:56,-07:00,2026-05-02T23:37:56-07:00,1,10
style.css,182,css,0f962668,xiaocheng05,2026-05-02,23:37:56,-07:00,2026-05-02T23:37:56-07:00,1,29
style.css,183,css,0f962668,xiaocheng05,2026-05-02,23:37:56,-07:00,2026-05-02T23:37:56-07:00,1,20
style.css,184,css,0f962668,xiaocheng05,2026-05-02,23:37:56,-07:00,2026-05-02T23:37:56-07:00,0,0
style.css,185,css,0f962668,xiaocheng05,2026-05-02,23:37:56,-07:00,2026-05-02T23:37:56-07:00,0,0
style.css,186,css,0f962668,xiaocheng05,2026-05-02,23:37:56,-07:00,2026-05-02T23:37:56-07:00,0,7
style.css,187,css,0f962668,xiaocheng05,2026-05-02,23:37:56,-07:00,2026-05-02T23:37:56-07:00,1,20
style.css,188,css,0f962668,xiaocheng05,2026-05-02,23:37:56,-07:00,2026-05-02T23:37:56-07:00,1,9
style.css,189,css,0f962668,xiaocheng05,2026-05-02,23:37:56,-07:00,2026-05-02T23:37:56-07:00,1,10
style.css,190,css,0f962668,xiaocheng05,2026-05-02,23:37:56,-07:00,2026-05-02T23:37:56-07:00,1,18
style.css,191,css,0f962668,xiaocheng05,2026-05-02,23:37:56,-07:00,2026-05-02T23:37:56-07:00,1,29
style.css,192,css,0f962668,xiaocheng05,2026-05-02,23:37:56,-07:00,2026-05-02T23:37:56-07:00,1,17
style.css,193,css,0f962668,xiaocheng05,2026-05-02,23:37:56,-07:00,2026-05-02T23:37:56-07:00,0,0
style.css,194,css,0f962668,xiaocheng05,2026-05-02,23:37:56,-07:00,2026-05-02T23:37:56-07:00,0,0
style.css,195,css,0f962668,xiaocheng05,2026-05-02,23:37:56,-07:00,2026-05-02T23:37:56-07:00,0,10
style.css,196,css,0f962668,xiaocheng05,2026-05-02,23:37:56,-07:00,2026-05-02T23:37:56-07:00,1,10
style.css,197,css,0f962668,xiaocheng05,2026-05-02,23:37:56,-07:00,2026-05-02T23:37:56-07:00,1,17
style.css,198,css,0f962668,xiaocheng05,2026-05-02,23:37:56,-07:00,2026-05-02T23:37:56-07:00,0,0
style.css,199,css,0f962668,xiaocheng05,2026-05-02,23:37:56,-07:00,2026-05-02T23:37:56-07:00,0,0
style.css,200,css,0f962668,xiaocheng05,2026-05-02,23:37:56,-07:00,2026-05-02T23:37:56-07:00,0,17
style.css,201,css,0f962668,xiaocheng05,2026-05-02,23:37:56,-07:00,2026-05-02T23:37:56-07:00,1,16
style.css,202,css,0f962668,xiaocheng05,2026-05-02,23:37:56,-07:00,2026-05-02T23:37:56-07:00,2,11
style.css,203,css,0f962668,xiaocheng05,2026-05-02,23:37:56,-07:00,2026-05-02T23:37:56-07:00,1,0
style.css,204,css,0f962668,xiaocheng05,2026-05-02,23:37:56,-07:00,2026-05-02T23:37:56-07:00,0,0
style.css,205,css,0f962668,xiaocheng05,2026-05-02,23:37:56,-07:00,2026-05-02T23:37:56-07:00,0,0
style.css,206,css,0f962668,xiaocheng05,2026-05-02,23:37:56,-07:00,2026-05-02T23:37:56-07:00,0,4
style.css,207,css,0f962668,xiaocheng05,2026-05-02,23:37:56,-07:00,2026-05-02T23:37:56-07:00,1,16
style.css,208,css,0f962668,xiaocheng05,2026-05-02,23:37:56,-07:00,2026-05-02T23:37:56-07:00,0,0
style.css,209,css,0f962668,xiaocheng05,2026-05-02,23:37:56,-07:00,2026-05-02T23:37:56-07:00,0,0
style.css,210,css,0f962668,xiaocheng05,2026-05-02,23:37:56,-07:00,2026-05-02T23:37:56-07:00,0,9
style.css,211,css,0f962668,xiaocheng05,2026-05-02,23:37:56,-07:00,2026-05-02T23:37:56-07:00,1,35
style.css,212,css,0f962668,xiaocheng05,2026-05-02,23:37:56,-07:00,2026-05-02T23:37:56-07:00,0,0
style.css,213,css,0f962668,xiaocheng05,2026-05-02,23:37:56,-07:00,2026-05-02T23:37:56-07:00,1,10
style.css,214,css,0f962668,xiaocheng05,2026-05-02,23:37:56,-07:00,2026-05-02T23:37:56-07:00,2,17
style.css,215,css,0f962668,xiaocheng05,2026-05-02,23:37:56,-07:00,2026-05-02T23:37:56-07:00,1,0
style.css,216,css,0f962668,xiaocheng05,2026-05-02,23:37:56,-07:00,2026-05-02T23:37:56-07:00,0,0
style.css,217,css,0f962668,xiaocheng05,2026-05-02,23:37:56,-07:00,2026-05-02T23:37:56-07:00,0,0
index.js,1,js,1fea8983,xiaocheng05,2026-04-24,21:03:50,-07:00,2026-04-24T21:03:50-07:00,0,70
index.js,2,js,1fea8983,xiaocheng05,2026-04-24,21:03:50,-07:00,2026-04-24T21:03:50-07:00,0,0
index.js,3,js,1fea8983,xiaocheng05,2026-04-24,21:03:50,-07:00,2026-04-24T21:03:50-07:00,0,54
index.js,4,js,1fea8983,xiaocheng05,2026-04-24,21:03:50,-07:00,2026-04-24T21:03:50-07:00,0,42
index.js,5,js,1fea8983,xiaocheng05,2026-04-24,21:03:50,-07:00,2026-04-24T21:03:50-07:00,0,0
index.js,6,js,1fea8983,xiaocheng05,2026-04-24,21:03:50,-07:00,2026-04-24T21:03:50-07:00,0,60
index.js,7,js,1fea8983,xiaocheng05,2026-04-24,21:03:50,-07:00,2026-04-24T21:03:50-07:00,0,54
index.js,8,js,1fea8983,xiaocheng05,2026-04-24,21:03:50,-07:00,2026-04-24T21:03:50-07:00,0,0
index.js,9,js,1fea8983,xiaocheng05,2026-04-24,21:03:50,-07:00,2026-04-24T21:03:50-07:00,0,54
index.js,10,js,1fea8983,xiaocheng05,2026-04-24,21:03:50,-07:00,2026-04-24T21:03:50-07:00,0,0
index.js,11,js,1fea8983,xiaocheng05,2026-04-24,21:03:50,-07:00,2026-04-24T21:03:50-07:00,0,60
index.js,12,js,1fea8983,xiaocheng05,2026-04-24,21:03:50,-07:00,2026-04-24T21:03:50-07:00,0,0
index.js,13,js,1fea8983,xiaocheng05,2026-04-24,21:03:50,-07:00,2026-04-24T21:03:50-07:00,0,17
index.js,14,js,1fea8983,xiaocheng05,2026-04-24,21:03:50,-07:00,2026-04-24T21:03:50-07:00,1,24
index.js,15,js,1fea8983,xiaocheng05,2026-04-24,21:03:50,-07:00,2026-04-24T21:03:50-07:00,2,22
index.js,16,js,1fea8983,xiaocheng05,2026-04-24,21:03:50,-07:00,2026-04-24T21:03:50-07:00,2,22
index.js,17,js,1fea8983,xiaocheng05,2026-04-24,21:03:50,-07:00,2026-04-24T21:03:50-07:00,3,110
index.js,18,js,1fea8983,xiaocheng05,2026-04-24,21:03:50,-07:00,2026-04-24T21:03:50-07:00,3,110
index.js,19,js,1fea8983,xiaocheng05,2026-04-24,21:03:50,-07:00,2026-04-24T21:03:50-07:00,3,104
index.js,20,js,1fea8983,xiaocheng05,2026-04-24,21:03:50,-07:00,2026-04-24T21:03:50-07:00,3,104
index.js,21,js,1fea8983,xiaocheng05,2026-04-24,21:03:50,-07:00,2026-04-24T21:03:50-07:00,2,4
index.js,22,js,1fea8983,xiaocheng05,2026-04-24,21:03:50,-07:00,2026-04-24T21:03:50-07:00,1,0
index.js,23,js,1fea8983,xiaocheng05,2026-04-24,21:03:50,-07:00,2026-04-24T21:03:50-07:00,0,0
index.html,1,html,4af4adf0,xiaocheng05,2026-04-03,22:12:49,-07:00,2026-04-03T22:12:49-07:00,0,13
index.html,2,html,4af4adf0,xiaocheng05,2026-04-03,22:12:49,-07:00,2026-04-03T22:12:49-07:00,0,14
index.html,3,html,790a8d9b,xiaocheng05,2026-04-03,23:17:02,-07:00,2026-04-03T23:17:02-07:00,0,0
index.html,4,html,4af4adf0,xiaocheng05,2026-04-03,22:12:49,-07:00,2026-04-03T22:12:49-07:00,0,4
index.html,5,html,4af4adf0,xiaocheng05,2026-04-03,22:12:49,-07:00,2026-04-03T22:12:49-07:00,2,20
index.html,6,html,4af4adf0,xiaocheng05,2026-04-03,22:12:49,-07:00,2026-04-03T22:12:49-07:00,2,68
index.html,7,html,790a8d9b,xiaocheng05,2026-04-03,23:17:02,-07:00,2026-04-03T23:17:02-07:00,2,38
index.html,8,html,4af4adf0,xiaocheng05,2026-04-03,22:12:49,-07:00,2026-04-03T22:12:49-07:00,2,53
index.html,9,html,4af4adf0,xiaocheng05,2026-04-03,22:12:49,-07:00,2026-04-03T22:12:49-07:00,0,5
index.html,10,html,790a8d9b,xiaocheng05,2026-04-03,23:17:02,-07:00,2026-04-03T23:17:02-07:00,0,0
index.html,11,html,4af4adf0,xiaocheng05,2026-04-03,22:12:49,-07:00,2026-04-03T22:12:49-07:00,0,4
index.html,12,html,790a8d9b,xiaocheng05,2026-04-03,23:17:02,-07:00,2026-04-03T23:17:02-07:00,0,0
index.html,13,html,35a9c992,xiaocheng05,2026-04-17,21:43:33,-07:00,2026-04-17T21:43:33-07:00,2,45
index.html,14,html,1fea8983,xiaocheng05,2026-04-24,21:03:50,-07:00,2026-04-24T21:03:50-07:00,2,50
index.html,15,html,35a9c992,xiaocheng05,2026-04-17,21:43:33,-07:00,2026-04-17T21:43:33-07:00,0,0
index.html,16,html,35a9c992,xiaocheng05,2026-04-17,21:43:33,-07:00,2026-04-17T21:43:33-07:00,2,8
index.html,17,html,790a8d9b,xiaocheng05,2026-04-03,23:17:02,-07:00,2026-04-03T23:17:02-07:00,4,2
index.html,18,html,35a9c992,xiaocheng05,2026-04-17,21:43:33,-07:00,2026-04-17T21:43:33-07:00,6,36
index.html,19,html,790a8d9b,xiaocheng05,2026-04-03,23:17:02,-07:00,2026-04-03T23:17:02-07:00,6,49
index.html,20,html,790a8d9b,xiaocheng05,2026-04-03,23:17:02,-07:00,2026-04-03T23:17:02-07:00,6,47
index.html,21,html,790a8d9b,xiaocheng05,2026-04-03,23:17:02,-07:00,2026-04-03T23:17:02-07:00,6,45
index.html,22,html,790a8d9b,xiaocheng05,2026-04-03,23:17:02,-07:00,2026-04-03T23:17:02-07:00,6,75
index.html,23,html,790a8d9b,xiaocheng05,2026-04-03,23:17:02,-07:00,2026-04-03T23:17:02-07:00,4,3
index.html,24,html,35a9c992,xiaocheng05,2026-04-17,21:43:33,-07:00,2026-04-17T21:43:33-07:00,2,8
index.html,25,html,4af4adf0,xiaocheng05,2026-04-03,22:12:49,-07:00,2026-04-03T22:12:49-07:00,0,0
index.html,26,html,019c3671,xiaocheng05,2026-04-10,21:53:00,-07:00,2026-04-10T21:53:00-07:00,2,17
index.html,27,html,019c3671,xiaocheng05,2026-04-10,21:53:00,-07:00,2026-04-10T21:53:00-07:00,2,107
index.html,28,html,019c3671,xiaocheng05,2026-04-10,21:53:00,-07:00,2026-04-10T21:53:00-07:00,4,100
index.html,29,html,019c3671,xiaocheng05,2026-04-10,21:53:00,-07:00,2026-04-10T21:53:00-07:00,4,49
index.html,30,html,019c3671,xiaocheng05,2026-04-10,21:53:00,-07:00,2026-04-10T21:53:00-07:00,0,0
index.html,31,html,019c3671,xiaocheng05,2026-04-10,21:53:00,-07:00,2026-04-10T21:53:00-07:00,2,67
index.html,32,html,019c3671,xiaocheng05,2026-04-10,21:53:00,-07:00,2026-04-10T21:53:00-07:00,2,51
index.html,33,html,019c3671,xiaocheng05,2026-04-10,21:53:00,-07:00,2026-04-10T21:53:00-07:00,0,0
index.html,34,html,1fea8983,xiaocheng05,2026-04-24,21:03:50,-07:00,2026-04-24T21:03:50-07:00,2,22
index.html,35,html,1fea8983,xiaocheng05,2026-04-24,21:03:50,-07:00,2026-04-24T21:03:50-07:00,2,20
index.html,36,html,1fea8983,xiaocheng05,2026-04-24,21:03:50,-07:00,2026-04-24T21:03:50-07:00,4,49
index.html,37,html,1fea8983,xiaocheng05,2026-04-24,21:03:50,-07:00,2026-04-24T21:03:50-07:00,2,4
index.html,38,html,019c3671,xiaocheng05,2026-04-10,21:53:00,-07:00,2026-04-10T21:53:00-07:00,0,0
index.html,39,html,1fea8983,xiaocheng05,2026-04-24,21:03:50,-07:00,2026-04-24T21:03:50-07:00,2,22
index.html,40,html,1fea8983,xiaocheng05,2026-04-24,21:03:50,-07:00,2026-04-24T21:03:50-07:00,2,4
index.html,41,html,4af4adf0,xiaocheng05,2026-04-03,22:12:49,-07:00,2026-04-03T22:12:49-07:00,0,0
index.html,42,html,4af4adf0,xiaocheng05,2026-04-03,22:12:49,-07:00,2026-04-03T22:12:49-07:00,0,5
index.html,43,html,790a8d9b,xiaocheng05,2026-04-03,23:17:02,-07:00,2026-04-03T23:17:02-07:00,0,0
index.html,44,html,4af4adf0,xiaocheng05,2026-04-03,22:12:49,-07:00,2026-04-03T22:12:49-07:00,0,5
global.js,1,js,35a9c992,xiaocheng05,2026-04-17,21:43:33,-07:00,2026-04-17T21:43:33-07:00,0,25
global.js,2,js,35a9c992,xiaocheng05,2026-04-17,21:43:33,-07:00,2026-04-17T21:43:33-07:00,0,0
global.js,3,js,35a9c992,xiaocheng05,2026-04-17,21:43:33,-07:00,2026-04-17T21:43:33-07:00,0,41
global.js,4,js,1fea8983,xiaocheng05,2026-04-24,21:03:50,-07:00,2026-04-24T21:03:50-07:00,1,52
global.js,5,js,35a9c992,xiaocheng05,2026-04-17,21:43:33,-07:00,2026-04-17T21:43:33-07:00,0,0
global.js,6,js,35a9c992,xiaocheng05,2026-04-17,21:43:33,-07:00,2026-04-17T21:43:33-07:00,0,0
global.js,7,js,35a9c992,xiaocheng05,2026-04-17,21:43:33,-07:00,2026-04-17T21:43:33-07:00,0,30
global.js,8,js,35a9c992,xiaocheng05,2026-04-17,21:43:33,-07:00,2026-04-17T21:43:33-07:00,0,0
global.js,9,js,35a9c992,xiaocheng05,2026-04-17,21:43:33,-07:00,2026-04-17T21:43:33-07:00,0,33
global.js,10,js,35a9c992,xiaocheng05,2026-04-17,21:43:33,-07:00,2026-04-17T21:43:33-07:00,0,73
global.js,11,js,35a9c992,xiaocheng05,2026-04-17,21:43:33,-07:00,2026-04-17T21:43:33-07:00,0,3
global.js,12,js,35a9c992,xiaocheng05,2026-04-17,21:43:33,-07:00,2026-04-17T21:43:33-07:00,0,0
global.js,13,js,35a9c992,xiaocheng05,2026-04-17,21:43:33,-07:00,2026-04-17T21:43:33-07:00,0,19
global.js,14,js,35a9c992,xiaocheng05,2026-04-17,21:43:33,-07:00,2026-04-17T21:43:33-07:00,0,41
global.js,15,js,35a9c992,xiaocheng05,2026-04-17,21:43:33,-07:00,2026-04-17T21:43:33-07:00,0,42
global.js,16,js,35a9c992,xiaocheng05,2026-04-17,21:43:33,-07:00,2026-04-17T21:43:33-07:00,0,2
global.js,17,js,35a9c992,xiaocheng05,2026-04-17,21:43:33,-07:00,2026-04-17T21:43:33-07:00,0,0
global.js,18,js,35a9c992,xiaocheng05,2026-04-17,21:43:33,-07:00,2026-04-17T21:43:33-07:00,0,0
global.js,19,js,35a9c992,xiaocheng05,2026-04-17,21:43:33,-07:00,2026-04-17T21:43:33-07:00,0,88
global.js,20,js,1fea8983,xiaocheng05,2026-04-24,21:03:50,-07:00,2026-04-24T21:03:50-07:00,1,36
global.js,21,js,1fea8983,xiaocheng05,2026-04-24,21:03:50,-07:00,2026-04-24T21:03:50-07:00,1,48
global.js,22,js,35a9c992,xiaocheng05,2026-04-17,21:43:33,-07:00,2026-04-17T21:43:33-07:00,0,0
global.js,23,js,35a9c992,xiaocheng05,2026-04-17,21:43:33,-07:00,2026-04-17T21:43:33-07:00,0,11
global.js,24,js,1fea8983,xiaocheng05,2026-04-24,21:03:50,-07:00,2026-04-24T21:03:50-07:00,1,25
global.js,25,js,1fea8983,xiaocheng05,2026-04-24,21:03:50,-07:00,2026-04-24T21:03:50-07:00,1,38
global.js,26,js,1fea8983,xiaocheng05,2026-04-24,21:03:50,-07:00,2026-04-24T21:03:50-07:00,1,36
global.js,27,js,1fea8983,xiaocheng05,2026-04-24,21:03:50,-07:00,2026-04-24T21:03:50-07:00,1,34
global.js,28,js,00000000,Not Committed Yet,2026-05-08,22:13:59,-07:00,2026-05-08T22:13:59-07:00,1,29
global.js,29,js,1fea8983,xiaocheng05,2026-04-24,21:03:50,-07:00,2026-04-24T21:03:50-07:00,1,57
global.js,30,js,35a9c992,xiaocheng05,2026-04-17,21:43:33,-07:00,2026-04-17T21:43:33-07:00,0,0
global.js,31,js,35a9c992,xiaocheng05,2026-04-17,21:43:33,-07:00,2026-04-17T21:43:33-07:00,0,0
global.js,32,js,35a9c992,xiaocheng05,2026-04-17,21:43:33,-07:00,2026-04-17T21:43:33-07:00,0,38
global.js,33,js,35a9c992,xiaocheng05,2026-04-17,21:43:33,-07:00,2026-04-17T21:43:33-07:00,0,25
global.js,34,js,35a9c992,xiaocheng05,2026-04-17,21:43:33,-07:00,2026-04-17T21:43:33-07:00,0,0
global.js,35,js,35a9c992,xiaocheng05,2026-04-17,21:43:33,-07:00,2026-04-17T21:43:33-07:00,0,20
global.js,36,js,1fea8983,xiaocheng05,2026-04-24,21:03:50,-07:00,2026-04-24T21:03:50-07:00,1,14
global.js,37,js,1fea8983,xiaocheng05,2026-04-24,21:03:50,-07:00,2026-04-24T21:03:50-07:00,1,18
global.js,38,js,1fea8983,xiaocheng05,2026-04-24,21:03:50,-07:00,2026-04-24T21:03:50-07:00,0,0
global.js,39,js,1fea8983,xiaocheng05,2026-04-24,21:03:50,-07:00,2026-04-24T21:03:50-07:00,1,28
global.js,40,js,1fea8983,xiaocheng05,2026-04-24,21:03:50,-07:00,2026-04-24T21:03:50-07:00,2,20
global.js,41,js,1fea8983,xiaocheng05,2026-04-24,21:03:50,-07:00,2026-04-24T21:03:50-07:00,1,0
global.js,42,js,1fea8983,xiaocheng05,2026-04-24,21:03:50,-07:00,2026-04-24T21:03:50-07:00,0,0
global.js,43,js,1fea8983,xiaocheng05,2026-04-24,21:03:50,-07:00,2026-04-24T21:03:50-07:00,1,41
global.js,44,js,1fea8983,xiaocheng05,2026-04-24,21:03:50,-07:00,2026-04-24T21:03:50-07:00,1,34
global.js,45,js,1fea8983,xiaocheng05,2026-04-24,21:03:50,-07:00,2026-04-24T21:03:50-07:00,1,11
global.js,46,js,1fea8983,xiaocheng05,2026-04-24,21:03:50,-07:00,2026-04-24T21:03:50-07:00,1,20
global.js,47,js,1fea8983,xiaocheng05,2026-04-24,21:03:50,-07:00,2026-04-24T21:03:50-07:00,1,12
global.js,48,js,1fea8983,xiaocheng05,2026-04-24,21:03:50,-07:00,2026-04-24T21:03:50-07:00,0,0
global.js,49,js,1fea8983,xiaocheng05,2026-04-24,21:03:50,-07:00,2026-04-24T21:03:50-07:00,1,24
global.js,50,js,1fea8983,xiaocheng05,2026-04-24,21:03:50,-07:00,2026-04-24T21:03:50-07:00,2,18
global.js,51,js,1fea8983,xiaocheng05,2026-04-24,21:03:50,-07:00,2026-04-24T21:03:50-07:00,1,0
global.js,52,js,1fea8983,xiaocheng05,2026-04-24,21:03:50,-07:00,2026-04-24T21:03:50-07:00,0,0
global.js,53,js,1fea8983,xiaocheng05,2026-04-24,21:03:50,-07:00,2026-04-24T21:03:50-07:00,1,17
global.js,54,js,1fea8983,xiaocheng05,2026-04-24,21:03:50,-07:00,2026-04-24T21:03:50-07:00,2,8
global.js,55,js,1fea8983,xiaocheng05,2026-04-24,21:03:50,-07:00,2026-04-24T21:03:50-07:00,2,59
global.js,56,js,1fea8983,xiaocheng05,2026-04-24,21:03:50,-07:00,2026-04-24T21:03:50-07:00,1,0
global.js,57,js,35a9c992,xiaocheng05,2026-04-17,21:43:33,-07:00,2026-04-17T21:43:33-07:00,0,0
global.js,58,js,35a9c992,xiaocheng05,2026-04-17,21:43:33,-07:00,2026-04-17T21:43:33-07:00,0,0
global.js,59,js,35a9c992,xiaocheng05,2026-04-17,21:43:33,-07:00,2026-04-17T21:43:33-07:00,0,31
global.js,60,js,35a9c992,xiaocheng05,2026-04-17,21:43:33,-07:00,2026-04-17T21:43:33-07:00,1,11
global.js,61,js,35a9c992,xiaocheng05,2026-04-17,21:43:33,-07:00,2026-04-17T21:43:33-07:00,1,0
global.js,62,js,35a9c992,xiaocheng05,2026-04-17,21:43:33,-07:00,2026-04-17T21:43:33-07:00,1,26
global.js,63,js,35a9c992,xiaocheng05,2026-04-17,21:43:33,-07:00,2026-04-17T21:43:33-07:00,2,4
global.js,64,js,35a9c992,xiaocheng05,2026-04-17,21:43:33,-07:00,2026-04-17T21:43:33-07:00,2,24
global.js,65,js,35a9c992,xiaocheng05,2026-04-17,21:43:33,-07:00,2026-04-17T21:43:33-07:00,3,43
global.js,66,js,35a9c992,xiaocheng05,2026-04-17,21:43:33,-07:00,2026-04-17T21:43:33-07:00,3,34
global.js,67,js,35a9c992,xiaocheng05,2026-04-17,21:43:33,-07:00,2026-04-17T21:43:33-07:00,3,32
global.js,68,js,35a9c992,xiaocheng05,2026-04-17,21:43:33,-07:00,2026-04-17T21:43:33-07:00,2,7
global.js,69,js,35a9c992,xiaocheng05,2026-04-17,21:43:33,-07:00,2026-04-17T21:43:33-07:00,1,6
global.js,70,js,35a9c992,xiaocheng05,2026-04-17,21:43:33,-07:00,2026-04-17T21:43:33-07:00,1,0
global.js,71,js,35a9c992,xiaocheng05,2026-04-17,21:43:33,-07:00,2026-04-17T21:43:33-07:00,0,0
global.js,72,js,35a9c992,xiaocheng05,2026-04-17,21:43:33,-07:00,2026-04-17T21:43:33-07:00,0,0
global.js,73,js,35a9c992,xiaocheng05,2026-04-17,21:43:33,-07:00,2026-04-17T21:43:33-07:00,0,60
global.js,74,js,35a9c992,xiaocheng05,2026-04-17,21:43:33,-07:00,2026-04-17T21:43:33-07:00,0,0
global.js,75,js,35a9c992,xiaocheng05,2026-04-17,21:43:33,-07:00,2026-04-17T21:43:33-07:00,0,49
global.js,76,js,35a9c992,xiaocheng05,2026-04-17,21:43:33,-07:00,2026-04-17T21:43:33-07:00,1,57
global.js,77,js,35a9c992,xiaocheng05,2026-04-17,21:43:33,-07:00,2026-04-17T21:43:33-07:00,0,1
global.js,78,js,35a9c992,xiaocheng05,2026-04-17,21:43:33,-07:00,2026-04-17T21:43:33-07:00,0,0
global.js,79,js,35a9c992,xiaocheng05,2026-04-17,21:43:33,-07:00,2026-04-17T21:43:33-07:00,0,43
global.js,80,js,35a9c992,xiaocheng05,2026-04-17,21:43:33,-07:00,2026-04-17T21:43:33-07:00,1,41
global.js,81,js,35a9c992,xiaocheng05,2026-04-17,21:43:33,-07:00,2026-04-17T21:43:33-07:00,2,13
global.js,82,js,35a9c992,xiaocheng05,2026-04-17,21:43:33,-07:00,2026-04-17T21:43:33-07:00,2,16
global.js,83,js,35a9c992,xiaocheng05,2026-04-17,21:43:33,-07:00,2026-04-17T21:43:33-07:00,1,0
global.js,84,js,35a9c992,xiaocheng05,2026-04-17,21:43:33,-07:00,2026-04-17T21:43:33-07:00,1,43
global.js,85,js,35a9c992,xiaocheng05,2026-04-17,21:43:33,-07:00,2026-04-17T21:43:33-07:00,0,1
global.js,86,js,35a9c992,xiaocheng05,2026-04-17,21:43:33,-07:00,2026-04-17T21:43:33-07:00,0,0
global.js,87,js,35a9c992,xiaocheng05,2026-04-17,21:43:33,-07:00,2026-04-17T21:43:33-07:00,0,0
global.js,88,js,35a9c992,xiaocheng05,2026-04-17,21:43:33,-07:00,2026-04-17T21:43:33-07:00,0,34
global.js,89,js,35a9c992,xiaocheng05,2026-04-17,21:43:33,-07:00,2026-04-17T21:43:33-07:00,1,38
global.js,90,js,35a9c992,xiaocheng05,2026-04-17,21:43:33,-07:00,2026-04-17T21:43:33-07:00,0,0
global.js,91,js,35a9c992,xiaocheng05,2026-04-17,21:43:33,-07:00,2026-04-17T21:43:33-07:00,1,41
global.js,92,js,35a9c992,xiaocheng05,2026-04-17,21:43:33,-07:00,2026-04-17T21:43:33-07:00,2,13
global.js,93,js,35a9c992,xiaocheng05,2026-04-17,21:43:33,-07:00,2026-04-17T21:43:33-07:00,2,4
global.js,94,js,35a9c992,xiaocheng05,2026-04-17,21:43:33,-07:00,2026-04-17T21:43:33-07:00,1,0
global.js,95,js,35a9c992,xiaocheng05,2026-04-17,21:43:33,-07:00,2026-04-17T21:43:33-07:00,0,0
global.js,96,js,35a9c992,xiaocheng05,2026-04-17,21:43:33,-07:00,2026-04-17T21:43:33-07:00,1,20
global.js,97,js,1fea8983,xiaocheng05,2026-04-24,21:03:50,-07:00,2026-04-24T21:03:50-07:00,0,0
global.js,98,js,1fea8983,xiaocheng05,2026-04-24,21:03:50,-07:00,2026-04-24T21:03:50-07:00,0,0
global.js,99,js,1fea8983,xiaocheng05,2026-04-24,21:03:50,-07:00,2026-04-24T21:03:50-07:00,0,0
global.js,100,js,1fea8983,xiaocheng05,2026-04-24,21:03:50,-07:00,2026-04-24T21:03:50-07:00,0,0
global.js,101,js,1fea8983,xiaocheng05,2026-04-24,21:03:50,-07:00,2026-04-24T21:03:50-07:00,0,0
global.js,102,js,1fea8983,xiaocheng05,2026-04-24,21:03:50,-07:00,2026-04-24T21:03:50-07:00,0,36
global.js,103,js,1fea8983,xiaocheng05,2026-04-24,21:03:50,-07:00,2026-04-24T21:03:50-07:00,1,3
global.js,104,js,1fea8983,xiaocheng05,2026-04-24,21:03:50,-07:00,2026-04-24T21:03:50-07:00,2,39
global.js,105,js,1fea8983,xiaocheng05,2026-04-24,21:03:50,-07:00,2026-04-24T21:03:50-07:00,2,32
global.js,106,js,1fea8983,xiaocheng05,2026-04-24,21:03:50,-07:00,2026-04-24T21:03:50-07:00,2,17
global.js,107,js,1fea8983,xiaocheng05,2026-04-24,21:03:50,-07:00,2026-04-24T21:03:50-07:00,3,66
global.js,108,js,1fea8983,xiaocheng05,2026-04-24,21:03:50,-07:00,2026-04-24T21:03:50-07:00,2,0
global.js,109,js,1fea8983,xiaocheng05,2026-04-24,21:03:50,-07:00,2026-04-24T21:03:50-07:00,2,33
global.js,110,js,1fea8983,xiaocheng05,2026-04-24,21:03:50,-07:00,2026-04-24T21:03:50-07:00,2,10
global.js,111,js,1fea8983,xiaocheng05,2026-04-24,21:03:50,-07:00,2026-04-24T21:03:50-07:00,1,15
global.js,112,js,1fea8983,xiaocheng05,2026-04-24,21:03:50,-07:00,2026-04-24T21:03:50-07:00,2,59
global.js,113,js,1fea8983,xiaocheng05,2026-04-24,21:03:50,-07:00,2026-04-24T21:03:50-07:00,1,0
global.js,114,js,1fea8983,xiaocheng05,2026-04-24,21:03:50,-07:00,2026-04-24T21:03:50-07:00,0,0
global.js,115,js,1fea8983,xiaocheng05,2026-04-24,21:03:50,-07:00,2026-04-24T21:03:50-07:00,0,0
global.js,116,js,1fea8983,xiaocheng05,2026-04-24,21:03:50,-07:00,2026-04-24T21:03:50-07:00,0,0
global.js,117,js,1fea8983,xiaocheng05,2026-04-24,21:03:50,-07:00,2026-04-24T21:03:50-07:00,0,79
global.js,118,js,1fea8983,xiaocheng05,2026-04-24,21:03:50,-07:00,2026-04-24T21:03:50-07:00,0,0
global.js,119,js,1fea8983,xiaocheng05,2026-04-24,21:03:50,-07:00,2026-04-24T21:03:50-07:00,1,30
global.js,120,js,1fea8983,xiaocheng05,2026-04-24,21:03:50,-07:00,2026-04-24T21:03:50-07:00,1,27
global.js,121,js,1fea8983,xiaocheng05,2026-04-24,21:03:50,-07:00,2026-04-24T21:03:50-07:00,2,48
global.js,122,js,1fea8983,xiaocheng05,2026-04-24,21:03:50,-07:00,2026-04-24T21:03:50-07:00,2,51
global.js,123,js,1fea8983,xiaocheng05,2026-04-24,21:03:50,-07:00,2026-04-24T21:03:50-07:00,2,34
global.js,124,js,1fea8983,xiaocheng05,2026-04-24,21:03:50,-07:00,2026-04-24T21:03:50-07:00,0,0
global.js,125,js,1fea8983,xiaocheng05,2026-04-24,21:03:50,-07:00,2026-04-24T21:03:50-07:00,2,27
global.js,126,js,1fea8983,xiaocheng05,2026-04-24,21:03:50,-07:00,2026-04-24T21:03:50-07:00,0,0
global.js,127,js,1fea8983,xiaocheng05,2026-04-24,21:03:50,-07:00,2026-04-24T21:03:50-07:00,2,20
global.js,128,js,0f962668,xiaocheng05,2026-05-02,23:37:56,-07:00,2026-05-02T23:37:56-07:00,3,49
global.js,129,js,0f962668,xiaocheng05,2026-05-02,23:37:56,-07:00,2026-05-02T23:37:56-07:00,3,27
global.js,130,js,0f962668,xiaocheng05,2026-05-02,23:37:56,-07:00,2026-05-02T23:37:56-07:00,4,27
global.js,131,js,0f962668,xiaocheng05,2026-05-02,23:37:56,-07:00,2026-05-02T23:37:56-07:00,4,44
global.js,132,js,0f962668,xiaocheng05,2026-05-02,23:37:56,-07:00,2026-05-02T23:37:56-07:00,3,4
global.js,133,js,0f962668,xiaocheng05,2026-05-02,23:37:56,-07:00,2026-05-02T23:37:56-07:00,2,0
global.js,134,js,1fea8983,xiaocheng05,2026-04-24,21:03:50,-07:00,2026-04-24T21:03:50-07:00,2,36
global.js,135,js,1fea8983,xiaocheng05,2026-04-24,21:03:50,-07:00,2026-04-24T21:03:50-07:00,1,1
global.js,136,js,1fea8983,xiaocheng05,2026-04-24,21:03:50,-07:00,2026-04-24T21:03:50-07:00,0,0
global.js,137,js,1fea8983,xiaocheng05,2026-04-24,21:03:50,-07:00,2026-04-24T21:03:50-07:00,0,0
global.js,138,js,1fea8983,xiaocheng05,2026-04-24,21:03:50,-07:00,2026-04-24T21:03:50-07:00,0,0
global.js,139,js,1fea8983,xiaocheng05,2026-04-24,21:03:50,-07:00,2026-04-24T21:03:50-07:00,0,0
global.js,140,js,1fea8983,xiaocheng05,2026-04-24,21:03:50,-07:00,2026-04-24T21:03:50-07:00,0,47
global.js,141,js,1fea8983,xiaocheng05,2026-04-24,21:03:50,-07:00,2026-04-24T21:03:50-07:00,1,59
global.js,142,js,35a9c992,xiaocheng05,2026-04-17,21:43:33,-07:00,2026-04-17T21:43:33-07:00,0,0
resume\resume_style.css,1,css,019c3671,xiaocheng05,2026-04-10,21:53:00,-07:00,2026-04-10T21:53:00-07:00,0,2
resume\resume_style.css,2,css,019c3671,xiaocheng05,2026-04-10,21:53:00,-07:00,2026-04-10T21:53:00-07:00,1,41
resume\resume_style.css,3,css,019c3671,xiaocheng05,2026-04-10,21:53:00,-07:00,2026-04-10T21:53:00-07:00,1,19
resume\resume_style.css,4,css,019c3671,xiaocheng05,2026-04-10,21:53:00,-07:00,2026-04-10T21:53:00-07:00,0,0
resume\resume_style.css,5,css,019c3671,xiaocheng05,2026-04-10,21:53:00,-07:00,2026-04-10T21:53:00-07:00,0,0
resume\resume_style.css,6,css,019c3671,xiaocheng05,2026-04-10,21:53:00,-07:00,2026-04-10T21:53:00-07:00,0,1
resume\resume_style.css,7,css,019c3671,xiaocheng05,2026-04-10,21:53:00,-07:00,2026-04-10T21:53:00-07:00,1,15
resume\resume_style.css,8,css,019c3671,xiaocheng05,2026-04-10,21:53:00,-07:00,2026-04-10T21:53:00-07:00,0,0
resume\resume_style.css,9,css,019c3671,xiaocheng05,2026-04-10,21:53:00,-07:00,2026-04-10T21:53:00-07:00,0,0
resume\resume_style.css,10,css,019c3671,xiaocheng05,2026-04-10,21:53:00,-07:00,2026-04-10T21:53:00-07:00,0,7
resume\resume_style.css,11,css,019c3671,xiaocheng05,2026-04-10,21:53:00,-07:00,2026-04-10T21:53:00-07:00,1,18
resume\resume_style.css,12,css,019c3671,xiaocheng05,2026-04-10,21:53:00,-07:00,2026-04-10T21:53:00-07:00,1,19
resume\resume_style.css,13,css,019c3671,xiaocheng05,2026-04-10,21:53:00,-07:00,2026-04-10T21:53:00-07:00,1,43
resume\resume_style.css,14,css,019c3671,xiaocheng05,2026-04-10,21:53:00,-07:00,2026-04-10T21:53:00-07:00,0,0
resume\resume_style.css,15,css,019c3671,xiaocheng05,2026-04-10,21:53:00,-07:00,2026-04-10T21:53:00-07:00,0,0
resume\resume_style.css,16,css,019c3671,xiaocheng05,2026-04-10,21:53:00,-07:00,2026-04-10T21:53:00-07:00,0,7
resume\resume_style.css,17,css,019c3671,xiaocheng05,2026-04-10,21:53:00,-07:00,2026-04-10T21:53:00-07:00,1,12
resume\resume_style.css,18,css,019c3671,xiaocheng05,2026-04-10,21:53:00,-07:00,2026-04-10T21:53:00-07:00,1,10
resume\resume_style.css,19,css,019c3671,xiaocheng05,2026-04-10,21:53:00,-07:00,2026-04-10T21:53:00-07:00,1,15
resume\resume_style.css,20,css,019c3671,xiaocheng05,2026-04-10,21:53:00,-07:00,2026-04-10T21:53:00-07:00,0,0
resume\resume_style.css,21,css,019c3671,xiaocheng05,2026-04-10,21:53:00,-07:00,2026-04-10T21:53:00-07:00,0,0
resume\resume_style.css,22,css,019c3671,xiaocheng05,2026-04-10,21:53:00,-07:00,2026-04-10T21:53:00-07:00,0,14
resume\resume_style.css,23,css,019c3671,xiaocheng05,2026-04-10,21:53:00,-07:00,2026-04-10T21:53:00-07:00,1,21
resume\resume_style.css,24,css,019c3671,xiaocheng05,2026-04-10,21:53:00,-07:00,2026-04-10T21:53:00-07:00,0,0
resume\resume_style.css,25,css,019c3671,xiaocheng05,2026-04-10,21:53:00,-07:00,2026-04-10T21:53:00-07:00,0,0
resume\resume_style.css,26,css,019c3671,xiaocheng05,2026-04-10,21:53:00,-07:00,2026-04-10T21:53:00-07:00,0,16
resume\resume_style.css,27,css,019c3671,xiaocheng05,2026-04-10,21:53:00,-07:00,2026-04-10T21:53:00-07:00,1,24
resume\resume_style.css,28,css,019c3671,xiaocheng05,2026-04-10,21:53:00,-07:00,2026-04-10T21:53:00-07:00,1,15
resume\resume_style.css,29,css,019c3671,xiaocheng05,2026-04-10,21:53:00,-07:00,2026-04-10T21:53:00-07:00,1,15
resume\resume_style.css,30,css,019c3671,xiaocheng05,2026-04-10,21:53:00,-07:00,2026-04-10T21:53:00-07:00,1,15
resume\resume_style.css,31,css,019c3671,xiaocheng05,2026-04-10,21:53:00,-07:00,2026-04-10T21:53:00-07:00,0,0
resume\resume_style.css,32,css,019c3671,xiaocheng05,2026-04-10,21:53:00,-07:00,2026-04-10T21:53:00-07:00,0,0
resume\resume_style.css,33,css,019c3671,xiaocheng05,2026-04-10,21:53:00,-07:00,2026-04-10T21:53:00-07:00,0,0
resume\resume_style.css,34,css,019c3671,xiaocheng05,2026-04-10,21:53:00,-07:00,2026-04-10T21:53:00-07:00,0,2
resume\resume_style.css,35,css,019c3671,xiaocheng05,2026-04-10,21:53:00,-07:00,2026-04-10T21:53:00-07:00,1,19
resume\resume_style.css,36,css,019c3671,xiaocheng05,2026-04-10,21:53:00,-07:00,2026-04-10T21:53:00-07:00,0,0
resume\resume_style.css,37,css,019c3671,xiaocheng05,2026-04-10,21:53:00,-07:00,2026-04-10T21:53:00-07:00,0,0
resume\resume_style.css,38,css,019c3671,xiaocheng05,2026-04-10,21:53:00,-07:00,2026-04-10T21:53:00-07:00,0,2
resume\resume_style.css,39,css,019c3671,xiaocheng05,2026-04-10,21:53:00,-07:00,2026-04-10T21:53:00-07:00,1,15
resume\resume_style.css,40,css,019c3671,xiaocheng05,2026-04-10,21:53:00,-07:00,2026-04-10T21:53:00-07:00,0,0
resume\resume_style.css,41,css,019c3671,xiaocheng05,2026-04-10,21:53:00,-07:00,2026-04-10T21:53:00-07:00,0,0
resume\resume_style.css,42,css,019c3671,xiaocheng05,2026-04-10,21:53:00,-07:00,2026-04-10T21:53:00-07:00,0,1
resume\resume_style.css,43,css,019c3671,xiaocheng05,2026-04-10,21:53:00,-07:00,2026-04-10T21:53:00-07:00,1,25
resume\resume_style.css,44,css,019c3671,xiaocheng05,2026-04-10,21:53:00,-07:00,2026-04-10T21:53:00-07:00,0,0
resume\resume_style.css,45,css,019c3671,xiaocheng05,2026-04-10,21:53:00,-07:00,2026-04-10T21:53:00-07:00,0,0
resume\resume_style.css,46,css,019c3671,xiaocheng05,2026-04-10,21:53:00,-07:00,2026-04-10T21:53:00-07:00,0,0
resume\resume_style.css,47,css,019c3671,xiaocheng05,2026-04-10,21:53:00,-07:00,2026-04-10T21:53:00-07:00,0,25
resume\resume_style.css,48,css,019c3671,xiaocheng05,2026-04-10,21:53:00,-07:00,2026-04-10T21:53:00-07:00,1,4
resume\resume_style.css,49,css,019c3671,xiaocheng05,2026-04-10,21:53:00,-07:00,2026-04-10T21:53:00-07:00,2,12
resume\resume_style.css,50,css,019c3671,xiaocheng05,2026-04-10,21:53:00,-07:00,2026-04-10T21:53:00-07:00,1,0
resume\resume_style.css,51,css,019c3671,xiaocheng05,2026-04-10,21:53:00,-07:00,2026-04-10T21:53:00-07:00,0,0
resume\resume_style.css,52,css,019c3671,xiaocheng05,2026-04-10,21:53:00,-07:00,2026-04-10T21:53:00-07:00,1,5
resume\resume_style.css,53,css,019c3671,xiaocheng05,2026-04-10,21:53:00,-07:00,2026-04-10T21:53:00-07:00,2,16
resume\resume_style.css,54,css,019c3671,xiaocheng05,2026-04-10,21:53:00,-07:00,2026-04-10T21:53:00-07:00,1,0
resume\resume_style.css,55,css,019c3671,xiaocheng05,2026-04-10,21:53:00,-07:00,2026-04-10T21:53:00-07:00,0,0
resume\resume_style.css,56,css,019c3671,xiaocheng05,2026-04-10,21:53:00,-07:00,2026-04-10T21:53:00-07:00,1,2
resume\resume_style.css,57,css,019c3671,xiaocheng05,2026-04-10,21:53:00,-07:00,2026-04-10T21:53:00-07:00,2,14
resume\resume_style.css,58,css,019c3671,xiaocheng05,2026-04-10,21:53:00,-07:00,2026-04-10T21:53:00-07:00,1,0
resume\resume_style.css,59,css,019c3671,xiaocheng05,2026-04-10,21:53:00,-07:00,2026-04-10T21:53:00-07:00,0,0
resume\resume_style.css,60,css,019c3671,xiaocheng05,2026-04-10,21:53:00,-07:00,2026-04-10T21:53:00-07:00,0,0
resume\resume_style.css,61,css,019c3671,xiaocheng05,2026-04-10,21:53:00,-07:00,2026-04-10T21:53:00-07:00,0,4
resume\resume_style.css,62,css,019c3671,xiaocheng05,2026-04-10,21:53:00,-07:00,2026-04-10T21:53:00-07:00,1,18
resume\resume_style.css,63,css,019c3671,xiaocheng05,2026-04-10,21:53:00,-07:00,2026-04-10T21:53:00-07:00,0,0
resume\index.html,1,html,790a8d9b,xiaocheng05,2026-04-03,23:17:02,-07:00,2026-04-03T23:17:02-07:00,0,13
resume\index.html,2,html,790a8d9b,xiaocheng05,2026-04-03,23:17:02,-07:00,2026-04-03T23:17:02-07:00,0,14
resume\index.html,3,html,790a8d9b,xiaocheng05,2026-04-03,23:17:02,-07:00,2026-04-03T23:17:02-07:00,0,4
resume\index.html,4,html,790a8d9b,xiaocheng05,2026-04-03,23:17:02,-07:00,2026-04-03T23:17:02-07:00,2,20
resume\index.html,5,html,790a8d9b,xiaocheng05,2026-04-03,23:17:02,-07:00,2026-04-03T23:17:02-07:00,2,68
resume\index.html,6,html,019c3671,xiaocheng05,2026-04-10,21:53:00,-07:00,2026-04-10T21:53:00-07:00,2,45
resume\index.html,7,html,cabc93fa,xiaocheng05,2026-04-10,21:58:55,-07:00,2026-04-10T21:58:55-07:00,2,41
resume\index.html,8,html,35a9c992,xiaocheng05,2026-04-17,21:43:33,-07:00,2026-04-17T21:43:33-07:00,2,0
resume\index.html,9,html,790a8d9b,xiaocheng05,2026-04-03,23:17:02,-07:00,2026-04-03T23:17:02-07:00,2,19
resume\index.html,10,html,790a8d9b,xiaocheng05,2026-04-03,23:17:02,-07:00,2026-04-03T23:17:02-07:00,0,5
resume\index.html,11,html,790a8d9b,xiaocheng05,2026-04-03,23:17:02,-07:00,2026-04-03T23:17:02-07:00,0,4
resume\index.html,12,html,790a8d9b,xiaocheng05,2026-04-03,23:17:02,-07:00,2026-04-03T23:17:02-07:00,0,0
resume\index.html,13,html,35a9c992,xiaocheng05,2026-04-17,21:43:33,-07:00,2026-04-17T21:43:33-07:00,2,48
resume\index.html,14,html,35a9c992,xiaocheng05,2026-04-17,21:43:33,-07:00,2026-04-17T21:43:33-07:00,0,0
resume\index.html,15,html,35a9c992,xiaocheng05,2026-04-17,21:43:33,-07:00,2026-04-17T21:43:33-07:00,2,8
resume\index.html,16,html,790a8d9b,xiaocheng05,2026-04-03,23:17:02,-07:00,2026-04-03T23:17:02-07:00,4,2
resume\index.html,17,html,790a8d9b,xiaocheng05,2026-04-03,23:17:02,-07:00,2026-04-03T23:17:02-07:00,6,39
resume\index.html,18,html,790a8d9b,xiaocheng05,2026-04-03,23:17:02,-07:00,2026-04-03T23:17:02-07:00,6,52
resume\index.html,19,html,790a8d9b,xiaocheng05,2026-04-03,23:17:02,-07:00,2026-04-03T23:17:02-07:00,6,50
resume\index.html,20,html,35a9c992,xiaocheng05,2026-04-17,21:43:33,-07:00,2026-04-17T21:43:33-07:00,6,38
resume\index.html,21,html,790a8d9b,xiaocheng05,2026-04-03,23:17:02,-07:00,2026-04-03T23:17:02-07:00,6,75
resume\index.html,22,html,790a8d9b,xiaocheng05,2026-04-03,23:17:02,-07:00,2026-04-03T23:17:02-07:00,4,3
resume\index.html,23,html,35a9c992,xiaocheng05,2026-04-17,21:43:33,-07:00,2026-04-17T21:43:33-07:00,2,8
resume\index.html,24,html,790a8d9b,xiaocheng05,2026-04-03,23:17:02,-07:00,2026-04-03T23:17:02-07:00,0,0
resume\index.html,25,html,019c3671,xiaocheng05,2026-04-10,21:53:00,-07:00,2026-04-10T21:53:00-07:00,2,17
resume\index.html,26,html,790a8d9b,xiaocheng05,2026-04-03,23:17:02,-07:00,2026-04-03T23:17:02-07:00,4,17
resume\index.html,27,html,790a8d9b,xiaocheng05,2026-04-03,23:17:02,-07:00,2026-04-03T23:17:02-07:00,4,1
resume\index.html,28,html,790a8d9b,xiaocheng05,2026-04-03,23:17:02,-07:00,2026-04-03T23:17:02-07:00,6,89
resume\index.html,29,html,790a8d9b,xiaocheng05,2026-04-03,23:17:02,-07:00,2026-04-03T23:17:02-07:00,4,2
resume\index.html,30,html,790a8d9b,xiaocheng05,2026-04-03,23:17:02,-07:00,2026-04-03T23:17:02-07:00,2,7
resume\index.html,31,html,790a8d9b,xiaocheng05,2026-04-03,23:17:02,-07:00,2026-04-03T23:17:02-07:00,0,0
resume\index.html,32,html,790a8d9b,xiaocheng05,2026-04-03,23:17:02,-07:00,2026-04-03T23:17:02-07:00,2,4
resume\index.html,33,html,790a8d9b,xiaocheng05,2026-04-03,23:17:02,-07:00,2026-04-03T23:17:02-07:00,4,22
resume\index.html,34,html,790a8d9b,xiaocheng05,2026-04-03,23:17:02,-07:00,2026-04-03T23:17:02-07:00,6,16
resume\index.html,35,html,790a8d9b,xiaocheng05,2026-04-03,23:17:02,-07:00,2026-04-03T23:17:02-07:00,6,7
resume\index.html,36,html,790a8d9b,xiaocheng05,2026-04-03,23:17:02,-07:00,2026-04-03T23:17:02-07:00,8,6
resume\index.html,37,html,790a8d9b,xiaocheng05,2026-04-03,23:17:02,-07:00,2026-04-03T23:17:02-07:00,10,41
resume\index.html,38,html,790a8d9b,xiaocheng05,2026-04-03,23:17:02,-07:00,2026-04-03T23:17:02-07:00,10,55
resume\index.html,39,html,790a8d9b,xiaocheng05,2026-04-03,23:17:02,-07:00,2026-04-03T23:17:02-07:00,10,1
resume\index.html,40,html,790a8d9b,xiaocheng05,2026-04-03,23:17:02,-07:00,2026-04-03T23:17:02-07:00,12,46
resume\index.html,41,html,790a8d9b,xiaocheng05,2026-04-03,23:17:02,-07:00,2026-04-03T23:17:02-07:00,12,48
resume\index.html,42,html,790a8d9b,xiaocheng05,2026-04-03,23:17:02,-07:00,2026-04-03T23:17:02-07:00,10,2
resume\index.html,43,html,790a8d9b,xiaocheng05,2026-04-03,23:17:02,-07:00,2026-04-03T23:17:02-07:00,8,7
resume\index.html,44,html,790a8d9b,xiaocheng05,2026-04-03,23:17:02,-07:00,2026-04-03T23:17:02-07:00,8,71
resume\index.html,45,html,790a8d9b,xiaocheng05,2026-04-03,23:17:02,-07:00,2026-04-03T23:17:02-07:00,8,68
resume\index.html,46,html,790a8d9b,xiaocheng05,2026-04-03,23:17:02,-07:00,2026-04-03T23:17:02-07:00,6,8
resume\index.html,47,html,790a8d9b,xiaocheng05,2026-04-03,23:17:02,-07:00,2026-04-03T23:17:02-07:00,4,8
resume\index.html,48,html,790a8d9b,xiaocheng05,2026-04-03,23:17:02,-07:00,2026-04-03T23:17:02-07:00,0,0
resume\index.html,49,html,790a8d9b,xiaocheng05,2026-04-03,23:17:02,-07:00,2026-04-03T23:17:02-07:00,4,19
resume\index.html,50,html,790a8d9b,xiaocheng05,2026-04-03,23:17:02,-07:00,2026-04-03T23:17:02-07:00,6,27
resume\index.html,51,html,790a8d9b,xiaocheng05,2026-04-03,23:17:02,-07:00,2026-04-03T23:17:02-07:00,6,2
resume\index.html,52,html,790a8d9b,xiaocheng05,2026-04-03,23:17:02,-07:00,2026-04-03T23:17:02-07:00,8,86
resume\index.html,53,html,790a8d9b,xiaocheng05,2026-04-03,23:17:02,-07:00,2026-04-03T23:17:02-07:00,8,105
resume\index.html,54,html,790a8d9b,xiaocheng05,2026-04-03,23:17:02,-07:00,2026-04-03T23:17:02-07:00,6,3
resume\index.html,55,html,790a8d9b,xiaocheng05,2026-04-03,23:17:02,-07:00,2026-04-03T23:17:02-07:00,4,8
resume\index.html,56,html,790a8d9b,xiaocheng05,2026-04-03,23:17:02,-07:00,2026-04-03T23:17:02-07:00,0,0
resume\index.html,57,html,790a8d9b,xiaocheng05,2026-04-03,23:17:02,-07:00,2026-04-03T23:17:02-07:00,4,21
resume\index.html,58,html,790a8d9b,xiaocheng05,2026-04-03,23:17:02,-07:00,2026-04-03T23:17:02-07:00,6,15
resume\index.html,59,html,790a8d9b,xiaocheng05,2026-04-03,23:17:02,-07:00,2026-04-03T23:17:02-07:00,6,0
resume\index.html,60,html,790a8d9b,xiaocheng05,2026-04-03,23:17:02,-07:00,2026-04-03T23:17:02-07:00,6,7
resume\index.html,61,html,790a8d9b,xiaocheng05,2026-04-03,23:17:02,-07:00,2026-04-03T23:17:02-07:00,8,6
resume\index.html,62,html,790a8d9b,xiaocheng05,2026-04-03,23:17:02,-07:00,2026-04-03T23:17:02-07:00,10,38
resume\index.html,63,html,790a8d9b,xiaocheng05,2026-04-03,23:17:02,-07:00,2026-04-03T23:17:02-07:00,10,69
resume\index.html,64,html,790a8d9b,xiaocheng05,2026-04-03,23:17:02,-07:00,2026-04-03T23:17:02-07:00,8,7
resume\index.html,65,html,790a8d9b,xiaocheng05,2026-04-03,23:17:02,-07:00,2026-04-03T23:17:02-07:00,8,71
resume\index.html,66,html,790a8d9b,xiaocheng05,2026-04-03,23:17:02,-07:00,2026-04-03T23:17:02-07:00,8,0
resume\index.html,67,html,790a8d9b,xiaocheng05,2026-04-03,23:17:02,-07:00,2026-04-03T23:17:02-07:00,6,8
resume\index.html,68,html,790a8d9b,xiaocheng05,2026-04-03,23:17:02,-07:00,2026-04-03T23:17:02-07:00,0,0
resume\index.html,69,html,790a8d9b,xiaocheng05,2026-04-03,23:17:02,-07:00,2026-04-03T23:17:02-07:00,6,7
resume\index.html,70,html,790a8d9b,xiaocheng05,2026-04-03,23:17:02,-07:00,2026-04-03T23:17:02-07:00,8,6
resume\index.html,71,html,790a8d9b,xiaocheng05,2026-04-03,23:17:02,-07:00,2026-04-03T23:17:02-07:00,10,35
resume\index.html,72,html,790a8d9b,xiaocheng05,2026-04-03,23:17:02,-07:00,2026-04-03T23:17:02-07:00,10,93
resume\index.html,73,html,790a8d9b,xiaocheng05,2026-04-03,23:17:02,-07:00,2026-04-03T23:17:02-07:00,8,7
resume\index.html,74,html,790a8d9b,xiaocheng05,2026-04-03,23:17:02,-07:00,2026-04-03T23:17:02-07:00,8,141
resume\index.html,75,html,790a8d9b,xiaocheng05,2026-04-03,23:17:02,-07:00,2026-04-03T23:17:02-07:00,6,8
resume\index.html,76,html,790a8d9b,xiaocheng05,2026-04-03,23:17:02,-07:00,2026-04-03T23:17:02-07:00,0,0
resume\index.html,77,html,790a8d9b,xiaocheng05,2026-04-03,23:17:02,-07:00,2026-04-03T23:17:02-07:00,4,8
resume\index.html,78,html,790a8d9b,xiaocheng05,2026-04-03,23:17:02,-07:00,2026-04-03T23:17:02-07:00,0,0
resume\index.html,79,html,790a8d9b,xiaocheng05,2026-04-03,23:17:02,-07:00,2026-04-03T23:17:02-07:00,4,21
resume\index.html,80,html,790a8d9b,xiaocheng05,2026-04-03,23:17:02,-07:00,2026-04-03T23:17:02-07:00,6,15
resume\index.html,81,html,790a8d9b,xiaocheng05,2026-04-03,23:17:02,-07:00,2026-04-03T23:17:02-07:00,6,7
resume\index.html,82,html,790a8d9b,xiaocheng05,2026-04-03,23:17:02,-07:00,2026-04-03T23:17:02-07:00,8,6
resume\index.html,83,html,790a8d9b,xiaocheng05,2026-04-03,23:17:02,-07:00,2026-04-03T23:17:02-07:00,10,52
resume\index.html,84,html,790a8d9b,xiaocheng05,2026-04-03,23:17:02,-07:00,2026-04-03T23:17:02-07:00,10,51
resume\index.html,85,html,790a8d9b,xiaocheng05,2026-04-03,23:17:02,-07:00,2026-04-03T23:17:02-07:00,8,7
resume\index.html,86,html,790a8d9b,xiaocheng05,2026-04-03,23:17:02,-07:00,2026-04-03T23:17:02-07:00,8,189
resume\index.html,87,html,790a8d9b,xiaocheng05,2026-04-03,23:17:02,-07:00,2026-04-03T23:17:02-07:00,6,8
resume\index.html,88,html,790a8d9b,xiaocheng05,2026-04-03,23:17:02,-07:00,2026-04-03T23:17:02-07:00,4,8
resume\index.html,89,html,790a8d9b,xiaocheng05,2026-04-03,23:17:02,-07:00,2026-04-03T23:17:02-07:00,0,0
resume\index.html,90,html,790a8d9b,xiaocheng05,2026-04-03,23:17:02,-07:00,2026-04-03T23:17:02-07:00,4,19
resume\index.html,91,html,790a8d9b,xiaocheng05,2026-04-03,23:17:02,-07:00,2026-04-03T23:17:02-07:00,6,13
resume\index.html,92,html,790a8d9b,xiaocheng05,2026-04-03,23:17:02,-07:00,2026-04-03T23:17:02-07:00,6,2
resume\index.html,93,html,790a8d9b,xiaocheng05,2026-04-03,23:17:02,-07:00,2026-04-03T23:17:02-07:00,8,17
resume\index.html,94,html,790a8d9b,xiaocheng05,2026-04-03,23:17:02,-07:00,2026-04-03T23:17:02-07:00,8,79
resume\index.html,95,html,790a8d9b,xiaocheng05,2026-04-03,23:17:02,-07:00,2026-04-03T23:17:02-07:00,8,119
resume\index.html,96,html,790a8d9b,xiaocheng05,2026-04-03,23:17:02,-07:00,2026-04-03T23:17:02-07:00,6,3
resume\index.html,97,html,790a8d9b,xiaocheng05,2026-04-03,23:17:02,-07:00,2026-04-03T23:17:02-07:00,4,8
resume\index.html,98,html,790a8d9b,xiaocheng05,2026-04-03,23:17:02,-07:00,2026-04-03T23:17:02-07:00,2,5
resume\index.html,99,html,790a8d9b,xiaocheng05,2026-04-03,23:17:02,-07:00,2026-04-03T23:17:02-07:00,0,0
resume\index.html,100,html,790a8d9b,xiaocheng05,2026-04-03,23:17:02,-07:00,2026-04-03T23:17:02-07:00,0,5
resume\index.html,101,html,790a8d9b,xiaocheng05,2026-04-03,23:17:02,-07:00,2026-04-03T23:17:02-07:00,0,5
projects\projects.js,1,js,1fea8983,xiaocheng05,2026-04-24,21:03:50,-07:00,2026-04-24T21:03:50-07:00,0,55
projects\projects.js,2,js,0f962668,xiaocheng05,2026-05-02,23:37:56,-07:00,2026-05-02T23:37:56-07:00,0,63
projects\projects.js,3,js,1fea8983,xiaocheng05,2026-04-24,21:03:50,-07:00,2026-04-24T21:03:50-07:00,0,0
projects\projects.js,4,js,0f962668,xiaocheng05,2026-05-02,23:37:56,-07:00,2026-05-02T23:37:56-07:00,0,59
projects\projects.js,5,js,0f962668,xiaocheng05,2026-05-02,23:37:56,-07:00,2026-05-02T23:37:56-07:00,0,25
projects\projects.js,6,js,0f962668,xiaocheng05,2026-05-02,23:37:56,-07:00,2026-05-02T23:37:56-07:00,0,17
projects\projects.js,7,js,0f962668,xiaocheng05,2026-05-02,23:37:56,-07:00,2026-05-02T23:37:56-07:00,0,25
projects\projects.js,8,js,0f962668,xiaocheng05,2026-05-02,23:37:56,-07:00,2026-05-02T23:37:56-07:00,0,4
projects\projects.js,9,js,0f962668,xiaocheng05,2026-05-02,23:37:56,-07:00,2026-05-02T23:37:56-07:00,0,68
projects\projects.js,10,js,0f962668,xiaocheng05,2026-05-02,23:37:56,-07:00,2026-05-02T23:37:56-07:00,0,14
projects\projects.js,11,js,0f962668,xiaocheng05,2026-05-02,23:37:56,-07:00,2026-05-02T23:37:56-07:00,0,0
projects\projects.js,12,js,0f962668,xiaocheng05,2026-05-02,23:37:56,-07:00,2026-05-02T23:37:56-07:00,0,46
projects\projects.js,13,js,1fea8983,xiaocheng05,2026-04-24,21:03:50,-07:00,2026-04-24T21:03:50-07:00,0,55
projects\projects.js,14,js,0f962668,xiaocheng05,2026-05-02,23:37:56,-07:00,2026-05-02T23:37:56-07:00,0,29
projects\projects.js,15,js,0f962668,xiaocheng05,2026-05-02,23:37:56,-07:00,2026-05-02T23:37:56-07:00,0,12
projects\projects.js,16,js,0f962668,xiaocheng05,2026-05-02,23:37:56,-07:00,2026-05-02T23:37:56-07:00,0,19
projects\projects.js,17,js,0f962668,xiaocheng05,2026-05-02,23:37:56,-07:00,2026-05-02T23:37:56-07:00,0,17
projects\projects.js,18,js,0f962668,xiaocheng05,2026-05-02,23:37:56,-07:00,2026-05-02T23:37:56-07:00,0,3
projects\projects.js,19,js,0f962668,xiaocheng05,2026-05-02,23:37:56,-07:00,2026-05-02T23:37:56-07:00,0,0
projects\projects.js,20,js,0f962668,xiaocheng05,2026-05-02,23:37:56,-07:00,2026-05-02T23:37:56-07:00,0,47
projects\projects.js,21,js,0f962668,xiaocheng05,2026-05-02,23:37:56,-07:00,2026-05-02T23:37:56-07:00,0,40
projects\projects.js,22,js,0f962668,xiaocheng05,2026-05-02,23:37:56,-07:00,2026-05-02T23:37:56-07:00,0,4
projects\projects.js,23,js,0f962668,xiaocheng05,2026-05-02,23:37:56,-07:00,2026-05-02T23:37:56-07:00,0,0
projects\projects.js,24,js,0f962668,xiaocheng05,2026-05-02,23:37:56,-07:00,2026-05-02T23:37:56-07:00,0,53
projects\projects.js,25,js,0f962668,xiaocheng05,2026-05-02,23:37:56,-07:00,2026-05-02T23:37:56-07:00,0,36
projects\projects.js,26,js,0f962668,xiaocheng05,2026-05-02,23:37:56,-07:00,2026-05-02T23:37:56-07:00,0,48
projects\projects.js,27,js,0f962668,xiaocheng05,2026-05-02,23:37:56,-07:00,2026-05-02T23:37:56-07:00,0,0
projects\projects.js,28,js,0f962668,xiaocheng05,2026-05-02,23:37:56,-07:00,2026-05-02T23:37:56-07:00,0,25
projects\projects.js,29,js,0f962668,xiaocheng05,2026-05-02,23:37:56,-07:00,2026-05-02T23:37:56-07:00,0,17
projects\projects.js,30,js,0f962668,xiaocheng05,2026-05-02,23:37:56,-07:00,2026-05-02T23:37:56-07:00,0,5
projects\projects.js,31,js,0f962668,xiaocheng05,2026-05-02,23:37:56,-07:00,2026-05-02T23:37:56-07:00,0,0
projects\projects.js,32,js,0f962668,xiaocheng05,2026-05-02,23:37:56,-07:00,2026-05-02T23:37:56-07:00,0,15
projects\projects.js,33,js,0f962668,xiaocheng05,2026-05-02,23:37:56,-07:00,2026-05-02T23:37:56-07:00,0,20
projects\projects.js,34,js,0f962668,xiaocheng05,2026-05-02,23:37:56,-07:00,2026-05-02T23:37:56-07:00,0,0
projects\projects.js,35,js,0f962668,xiaocheng05,2026-05-02,23:37:56,-07:00,2026-05-02T23:37:56-07:00,0,25
projects\projects.js,36,js,0f962668,xiaocheng05,2026-05-02,23:37:56,-07:00,2026-05-02T23:37:56-07:00,0,55
projects\projects.js,37,js,0f962668,xiaocheng05,2026-05-02,23:37:56,-07:00,2026-05-02T23:37:56-07:00,0,52
projects\projects.js,38,js,0f962668,xiaocheng05,2026-05-02,23:37:56,-07:00,2026-05-02T23:37:56-07:00,0,23
projects\projects.js,39,js,0f962668,xiaocheng05,2026-05-02,23:37:56,-07:00,2026-05-02T23:37:56-07:00,0,5
projects\projects.js,40,js,0f962668,xiaocheng05,2026-05-02,23:37:56,-07:00,2026-05-02T23:37:56-07:00,0,0
projects\projects.js,41,js,0f962668,xiaocheng05,2026-05-02,23:37:56,-07:00,2026-05-02T23:37:56-07:00,0,50
projects\projects.js,42,js,0f962668,xiaocheng05,2026-05-02,23:37:56,-07:00,2026-05-02T23:37:56-07:00,0,0
projects\projects.js,43,js,0f962668,xiaocheng05,2026-05-02,23:37:56,-07:00,2026-05-02T23:37:56-07:00,0,50
projects\projects.js,44,js,0f962668,xiaocheng05,2026-05-02,23:37:56,-07:00,2026-05-02T23:37:56-07:00,0,0
projects\projects.js,45,js,0f962668,xiaocheng05,2026-05-02,23:37:56,-07:00,2026-05-02T23:37:56-07:00,0,29
projects\projects.js,46,js,0f962668,xiaocheng05,2026-05-02,23:37:56,-07:00,2026-05-02T23:37:56-07:00,0,21
projects\projects.js,47,js,0f962668,xiaocheng05,2026-05-02,23:37:56,-07:00,2026-05-02T23:37:56-07:00,0,22
projects\projects.js,48,js,0f962668,xiaocheng05,2026-05-02,23:37:56,-07:00,2026-05-02T23:37:56-07:00,0,22
projects\projects.js,49,js,0f962668,xiaocheng05,2026-05-02,23:37:56,-07:00,2026-05-02T23:37:56-07:00,0,34
projects\projects.js,50,js,0f962668,xiaocheng05,2026-05-02,23:37:56,-07:00,2026-05-02T23:37:56-07:00,0,3
projects\projects.js,51,js,0f962668,xiaocheng05,2026-05-02,23:37:56,-07:00,2026-05-02T23:37:56-07:00,0,0
projects\projects.js,52,js,0f962668,xiaocheng05,2026-05-02,23:37:56,-07:00,2026-05-02T23:37:56-07:00,0,35
projects\projects.js,53,js,0f962668,xiaocheng05,2026-05-02,23:37:56,-07:00,2026-05-02T23:37:56-07:00,0,27
projects\projects.js,54,js,0f962668,xiaocheng05,2026-05-02,23:37:56,-07:00,2026-05-02T23:37:56-07:00,0,9
projects\projects.js,55,js,0f962668,xiaocheng05,2026-05-02,23:37:56,-07:00,2026-05-02T23:37:56-07:00,0,18
projects\projects.js,56,js,0f962668,xiaocheng05,2026-05-02,23:37:56,-07:00,2026-05-02T23:37:56-07:00,0,100
projects\projects.js,57,js,0f962668,xiaocheng05,2026-05-02,23:37:56,-07:00,2026-05-02T23:37:56-07:00,0,106
projects\projects.js,58,js,0f962668,xiaocheng05,2026-05-02,23:37:56,-07:00,2026-05-02T23:37:56-07:00,0,4
projects\projects.js,59,js,0f962668,xiaocheng05,2026-05-02,23:37:56,-07:00,2026-05-02T23:37:56-07:00,0,0
projects\projects.js,60,js,0f962668,xiaocheng05,2026-05-02,23:37:56,-07:00,2026-05-02T23:37:56-07:00,0,0
projects\projects.js,61,js,0f962668,xiaocheng05,2026-05-02,23:37:56,-07:00,2026-05-02T23:37:56-07:00,0,0
projects\projects.js,62,js,1fea8983,xiaocheng05,2026-04-24,21:03:50,-07:00,2026-04-24T21:03:50-07:00,0,0
projects\projects.js,63,js,0f962668,xiaocheng05,2026-05-02,23:37:56,-07:00,2026-05-02T23:37:56-07:00,0,21
projects\projects.js,64,js,0f962668,xiaocheng05,2026-05-02,23:37:56,-07:00,2026-05-02T23:37:56-07:00,0,0
projects\projects.js,65,js,0f962668,xiaocheng05,2026-05-02,23:37:56,-07:00,2026-05-02T23:37:56-07:00,0,38
projects\projects.js,66,js,0f962668,xiaocheng05,2026-05-02,23:37:56,-07:00,2026-05-02T23:37:56-07:00,1,29
projects\projects.js,67,js,0f962668,xiaocheng05,2026-05-02,23:37:56,-07:00,2026-05-02T23:37:56-07:00,2,12
projects\projects.js,68,js,0f962668,xiaocheng05,2026-05-02,23:37:56,-07:00,2026-05-02T23:37:56-07:00,2,14
projects\projects.js,69,js,0f962668,xiaocheng05,2026-05-02,23:37:56,-07:00,2026-05-02T23:37:56-07:00,2,12
projects\projects.js,70,js,0f962668,xiaocheng05,2026-05-02,23:37:56,-07:00,2026-05-02T23:37:56-07:00,1,0
projects\projects.js,71,js,0f962668,xiaocheng05,2026-05-02,23:37:56,-07:00,2026-05-02T23:37:56-07:00,0,0
projects\projects.js,72,js,0f962668,xiaocheng05,2026-05-02,23:37:56,-07:00,2026-05-02T23:37:56-07:00,1,50
projects\projects.js,73,js,0f962668,xiaocheng05,2026-05-02,23:37:56,-07:00,2026-05-02T23:37:56-07:00,2,35
projects\projects.js,74,js,0f962668,xiaocheng05,2026-05-02,23:37:56,-07:00,2026-05-02T23:37:56-07:00,1,1
projects\projects.js,75,js,0f962668,xiaocheng05,2026-05-02,23:37:56,-07:00,2026-05-02T23:37:56-07:00,0,0
projects\projects.js,76,js,0f962668,xiaocheng05,2026-05-02,23:37:56,-07:00,2026-05-02T23:37:56-07:00,1,57
projects\projects.js,77,js,0f962668,xiaocheng05,2026-05-02,23:37:56,-07:00,2026-05-02T23:37:56-07:00,1,50
projects\projects.js,78,js,0f962668,xiaocheng05,2026-05-02,23:37:56,-07:00,2026-05-02T23:37:56-07:00,1,36
projects\projects.js,79,js,0f962668,xiaocheng05,2026-05-02,23:37:56,-07:00,2026-05-02T23:37:56-07:00,1,45
projects\projects.js,80,js,0f962668,xiaocheng05,2026-05-02,23:37:56,-07:00,2026-05-02T23:37:56-07:00,1,47
projects\projects.js,81,js,0f962668,xiaocheng05,2026-05-02,23:37:56,-07:00,2026-05-02T23:37:56-07:00,0,0
projects\projects.js,82,js,0f962668,xiaocheng05,2026-05-02,23:37:56,-07:00,2026-05-02T23:37:56-07:00,1,43
projects\projects.js,83,js,0f962668,xiaocheng05,2026-05-02,23:37:56,-07:00,2026-05-02T23:37:56-07:00,1,32
projects\projects.js,84,js,0f962668,xiaocheng05,2026-05-02,23:37:56,-07:00,2026-05-02T23:37:56-07:00,1,0
projects\projects.js,85,js,0f962668,xiaocheng05,2026-05-02,23:37:56,-07:00,2026-05-02T23:37:56-07:00,1,32
projects\projects.js,86,js,0f962668,xiaocheng05,2026-05-02,23:37:56,-07:00,2026-05-02T23:37:56-07:00,1,29
projects\projects.js,87,js,0f962668,xiaocheng05,2026-05-02,23:37:56,-07:00,2026-05-02T23:37:56-07:00,0,0
projects\projects.js,88,js,0f962668,xiaocheng05,2026-05-02,23:37:56,-07:00,2026-05-02T23:37:56-07:00,1,24
projects\projects.js,89,js,0f962668,xiaocheng05,2026-05-02,23:37:56,-07:00,2026-05-02T23:37:56-07:00,2,4
projects\projects.js,90,js,0f962668,xiaocheng05,2026-05-02,23:37:56,-07:00,2026-05-02T23:37:56-07:00,3,13
projects\projects.js,91,js,0f962668,xiaocheng05,2026-05-02,23:37:56,-07:00,2026-05-02T23:37:56-07:00,3,13
projects\projects.js,92,js,0f962668,xiaocheng05,2026-05-02,23:37:56,-07:00,2026-05-02T23:37:56-07:00,3,22
projects\projects.js,93,js,0f962668,xiaocheng05,2026-05-02,23:37:56,-07:00,2026-05-02T23:37:56-07:00,3,51
projects\projects.js,94,js,0f962668,xiaocheng05,2026-05-02,23:37:56,-07:00,2026-05-02T23:37:56-07:00,3,18
projects\projects.js,95,js,0f962668,xiaocheng05,2026-05-02,23:37:56,-07:00,2026-05-02T23:37:56-07:00,4,43
projects\projects.js,96,js,0f962668,xiaocheng05,2026-05-02,23:37:56,-07:00,2026-05-02T23:37:56-07:00,0,0
projects\projects.js,97,js,0f962668,xiaocheng05,2026-05-02,23:37:56,-07:00,2026-05-02T23:37:56-07:00,4,25
projects\projects.js,98,js,0f962668,xiaocheng05,2026-05-02,23:37:56,-07:00,2026-05-02T23:37:56-07:00,5,53
projects\projects.js,99,js,0f962668,xiaocheng05,2026-05-02,23:37:56,-07:00,2026-05-02T23:37:56-07:00,4,6
projects\projects.js,100,js,0f962668,xiaocheng05,2026-05-02,23:37:56,-07:00,2026-05-02T23:37:56-07:00,5,46
projects\projects.js,101,js,0f962668,xiaocheng05,2026-05-02,23:37:56,-07:00,2026-05-02T23:37:56-07:00,5,70
projects\projects.js,102,js,0f962668,xiaocheng05,2026-05-02,23:37:56,-07:00,2026-05-02T23:37:56-07:00,5,54
projects\projects.js,103,js,0f962668,xiaocheng05,2026-05-02,23:37:56,-07:00,2026-05-02T23:37:56-07:00,4,0
projects\projects.js,104,js,0f962668,xiaocheng05,2026-05-02,23:37:56,-07:00,2026-05-02T23:37:56-07:00,4,28
projects\projects.js,105,js,0f962668,xiaocheng05,2026-05-02,23:37:56,-07:00,2026-05-02T23:37:56-07:00,3,1
projects\projects.js,106,js,0f962668,xiaocheng05,2026-05-02,23:37:56,-07:00,2026-05-02T23:37:56-07:00,1,1
projects\projects.js,107,js,0f962668,xiaocheng05,2026-05-02,23:37:56,-07:00,2026-05-02T23:37:56-07:00,0,0
projects\projects.js,108,js,0f962668,xiaocheng05,2026-05-02,23:37:56,-07:00,2026-05-02T23:37:56-07:00,1,27
projects\projects.js,109,js,0f962668,xiaocheng05,2026-05-02,23:37:56,-07:00,2026-05-02T23:37:56-07:00,2,4
projects\projects.js,110,js,0f962668,xiaocheng05,2026-05-02,23:37:56,-07:00,2026-05-02T23:37:56-07:00,3,11
projects\projects.js,111,js,0f962668,xiaocheng05,2026-05-02,23:37:56,-07:00,2026-05-02T23:37:56-07:00,3,38
projects\projects.js,112,js,0f962668,xiaocheng05,2026-05-02,23:37:56,-07:00,2026-05-02T23:37:56-07:00,3,53
projects\projects.js,113,js,0f962668,xiaocheng05,2026-05-02,23:37:56,-07:00,2026-05-02T23:37:56-07:00,3,69
projects\projects.js,114,js,0f962668,xiaocheng05,2026-05-02,23:37:56,-07:00,2026-05-02T23:37:56-07:00,1,1
projects\projects.js,115,js,0f962668,xiaocheng05,2026-05-02,23:37:56,-07:00,2026-05-02T23:37:56-07:00,0,0
projects\projects.js,116,js,0f962668,xiaocheng05,2026-05-02,23:37:56,-07:00,2026-05-02T23:37:56-07:00,0,0
projects\projects.js,117,js,0f962668,xiaocheng05,2026-05-02,23:37:56,-07:00,2026-05-02T23:37:56-07:00,0,60
projects\projects.js,118,js,1fea8983,xiaocheng05,2026-04-24,21:03:50,-07:00,2026-04-24T21:03:50-07:00,0,54
projects\projects.js,119,js,1fea8983,xiaocheng05,2026-04-24,21:03:50,-07:00,2026-04-24T21:03:50-07:00,0,48
projects\projects.js,120,js,1fea8983,xiaocheng05,2026-04-24,21:03:50,-07:00,2026-04-24T21:03:50-07:00,0,0
projects\projects.js,121,js,0f962668,xiaocheng05,2026-05-02,23:37:56,-07:00,2026-05-02T23:37:56-07:00,0,48
projects\projects.js,122,js,0f962668,xiaocheng05,2026-05-02,23:37:56,-07:00,2026-05-02T23:37:56-07:00,0,23
projects\projects.js,123,js,0f962668,xiaocheng05,2026-05-02,23:37:56,-07:00,2026-05-02T23:37:56-07:00,0,0
projects\projects.js,124,js,0f962668,xiaocheng05,2026-05-02,23:37:56,-07:00,2026-05-02T23:37:56-07:00,0,13
projects\projects.js,125,js,0f962668,xiaocheng05,2026-05-02,23:37:56,-07:00,2026-05-02T23:37:56-07:00,0,53
projects\projects.js,126,js,0f962668,xiaocheng05,2026-05-02,23:37:56,-07:00,2026-05-02T23:37:56-07:00,0,49
projects\projects.js,127,js,0f962668,xiaocheng05,2026-05-02,23:37:56,-07:00,2026-05-02T23:37:56-07:00,1,19
projects\projects.js,128,js,0f962668,xiaocheng05,2026-05-02,23:37:56,-07:00,2026-05-02T23:37:56-07:00,1,25
projects\projects.js,129,js,0f962668,xiaocheng05,2026-05-02,23:37:56,-07:00,2026-05-02T23:37:56-07:00,1,16
projects\projects.js,130,js,0f962668,xiaocheng05,2026-05-02,23:37:56,-07:00,2026-05-02T23:37:56-07:00,1,51
projects\projects.js,131,js,0f962668,xiaocheng05,2026-05-02,23:37:56,-07:00,2026-05-02T23:37:56-07:00,2,59
projects\projects.js,132,js,0f962668,xiaocheng05,2026-05-02,23:37:56,-07:00,2026-05-02T23:37:56-07:00,2,42
projects\projects.js,133,js,0f962668,xiaocheng05,2026-05-02,23:37:56,-07:00,2026-05-02T23:37:56-07:00,1,1
projects\projects.js,134,js,0f962668,xiaocheng05,2026-05-02,23:37:56,-07:00,2026-05-02T23:37:56-07:00,1,25
projects\projects.js,135,js,0f962668,xiaocheng05,2026-05-02,23:37:56,-07:00,2026-05-02T23:37:56-07:00,1,56
projects\projects.js,136,js,0f962668,xiaocheng05,2026-05-02,23:37:56,-07:00,2026-05-02T23:37:56-07:00,1,31
projects\projects.js,137,js,0f962668,xiaocheng05,2026-05-02,23:37:56,-07:00,2026-05-02T23:37:56-07:00,0,1
projects\projects.js,138,js,0f962668,xiaocheng05,2026-05-02,23:37:56,-07:00,2026-05-02T23:37:56-07:00,0,0
projects\projects.js,139,js,0f962668,xiaocheng05,2026-05-02,23:37:56,-07:00,2026-05-02T23:37:56-07:00,0,0
projects\projects.js,140,js,0f962668,xiaocheng05,2026-05-02,23:37:56,-07:00,2026-05-02T23:37:56-07:00,0,0
projects\index.html,1,html,790a8d9b,xiaocheng05,2026-04-03,23:17:02,-07:00,2026-04-03T23:17:02-07:00,0,13
projects\index.html,2,html,790a8d9b,xiaocheng05,2026-04-03,23:17:02,-07:00,2026-04-03T23:17:02-07:00,0,14
projects\index.html,3,html,790a8d9b,xiaocheng05,2026-04-03,23:17:02,-07:00,2026-04-03T23:17:02-07:00,0,0
projects\index.html,4,html,790a8d9b,xiaocheng05,2026-04-03,23:17:02,-07:00,2026-04-03T23:17:02-07:00,0,4
projects\index.html,5,html,790a8d9b,xiaocheng05,2026-04-03,23:17:02,-07:00,2026-04-03T23:17:02-07:00,2,20
projects\index.html,6,html,790a8d9b,xiaocheng05,2026-04-03,23:17:02,-07:00,2026-04-03T23:17:02-07:00,2,68
projects\index.html,7,html,019c3671,xiaocheng05,2026-04-10,21:53:00,-07:00,2026-04-10T21:53:00-07:00,2,41
projects\index.html,8,html,790a8d9b,xiaocheng05,2026-04-03,23:17:02,-07:00,2026-04-03T23:17:02-07:00,2,21
projects\index.html,9,html,790a8d9b,xiaocheng05,2026-04-03,23:17:02,-07:00,2026-04-03T23:17:02-07:00,0,5
projects\index.html,10,html,790a8d9b,xiaocheng05,2026-04-03,23:17:02,-07:00,2026-04-03T23:17:02-07:00,0,0
projects\index.html,11,html,790a8d9b,xiaocheng05,2026-04-03,23:17:02,-07:00,2026-04-03T23:17:02-07:00,0,4
projects\index.html,12,html,790a8d9b,xiaocheng05,2026-04-03,23:17:02,-07:00,2026-04-03T23:17:02-07:00,0,0
projects\index.html,13,html,35a9c992,xiaocheng05,2026-04-17,21:43:33,-07:00,2026-04-17T21:43:33-07:00,2,48
projects\index.html,14,html,1fea8983,xiaocheng05,2026-04-24,21:03:50,-07:00,2026-04-24T21:03:50-07:00,2,47
projects\index.html,15,html,35a9c992,xiaocheng05,2026-04-17,21:43:33,-07:00,2026-04-17T21:43:33-07:00,0,0
projects\index.html,16,html,35a9c992,xiaocheng05,2026-04-17,21:43:33,-07:00,2026-04-17T21:43:33-07:00,2,8
projects\index.html,17,html,790a8d9b,xiaocheng05,2026-04-03,23:17:02,-07:00,2026-04-03T23:17:02-07:00,4,2
projects\index.html,18,html,790a8d9b,xiaocheng05,2026-04-03,23:17:02,-07:00,2026-04-03T23:17:02-07:00,6,39
projects\index.html,19,html,35a9c992,xiaocheng05,2026-04-17,21:43:33,-07:00,2026-04-17T21:43:33-07:00,6,40
projects\index.html,20,html,790a8d9b,xiaocheng05,2026-04-03,23:17:02,-07:00,2026-04-03T23:17:02-07:00,6,50
projects\index.html,21,html,790a8d9b,xiaocheng05,2026-04-03,23:17:02,-07:00,2026-04-03T23:17:02-07:00,6,48
projects\index.html,22,html,790a8d9b,xiaocheng05,2026-04-03,23:17:02,-07:00,2026-04-03T23:17:02-07:00,6,75
projects\index.html,23,html,790a8d9b,xiaocheng05,2026-04-03,23:17:02,-07:00,2026-04-03T23:17:02-07:00,4,3
projects\index.html,24,html,35a9c992,xiaocheng05,2026-04-17,21:43:33,-07:00,2026-04-17T21:43:33-07:00,2,8
projects\index.html,25,html,790a8d9b,xiaocheng05,2026-04-03,23:17:02,-07:00,2026-04-03T23:17:02-07:00,0,0
projects\index.html,26,html,0f962668,xiaocheng05,2026-05-02,23:37:56,-07:00,2026-05-02T23:37:56-07:00,2,38
projects\index.html,27,html,0f962668,xiaocheng05,2026-05-02,23:37:56,-07:00,2026-05-02T23:37:56-07:00,0,0
projects\index.html,28,html,0f962668,xiaocheng05,2026-05-02,23:37:56,-07:00,2026-05-02T23:37:56-07:00,2,21
projects\index.html,29,html,00000000,Not Committed Yet,2026-05-08,22:14:00,-07:00,2026-05-08T22:14:00-07:00,4,58
projects\index.html,30,html,00000000,Not Committed Yet,2026-05-08,22:14:00,-07:00,2026-05-08T22:14:00-07:00,4,22
projects\index.html,31,html,0f962668,xiaocheng05,2026-05-02,23:37:56,-07:00,2026-05-02T23:37:56-07:00,2,4
projects\index.html,32,html,0f962668,xiaocheng05,2026-05-02,23:37:56,-07:00,2026-05-02T23:37:56-07:00,0,0
projects\index.html,33,html,00000000,Not Committed Yet,2026-05-08,22:14:00,-07:00,2026-05-08T22:14:00-07:00,2,102
projects\index.html,34,html,019c3671,xiaocheng05,2026-04-10,21:53:00,-07:00,2026-04-10T21:53:00-07:00,0,0
projects\index.html,35,html,019c3671,xiaocheng05,2026-04-10,21:53:00,-07:00,2026-04-10T21:53:00-07:00,2,20
projects\index.html,36,html,1fea8983,xiaocheng05,2026-04-24,21:03:50,-07:00,2026-04-24T21:03:50-07:00,4,12
projects\index.html,37,html,019c3671,xiaocheng05,2026-04-10,21:53:00,-07:00,2026-04-10T21:53:00-07:00,6,29
projects\index.html,38,html,019c3671,xiaocheng05,2026-04-10,21:53:00,-07:00,2026-04-10T21:53:00-07:00,6,70
projects\index.html,39,html,019c3671,xiaocheng05,2026-04-10,21:53:00,-07:00,2026-04-10T21:53:00-07:00,6,221
projects\index.html,40,html,019c3671,xiaocheng05,2026-04-10,21:53:00,-07:00,2026-04-10T21:53:00-07:00,4,8
projects\index.html,41,html,019c3671,xiaocheng05,2026-04-10,21:53:00,-07:00,2026-04-10T21:53:00-07:00,4,7
projects\index.html,42,html,019c3671,xiaocheng05,2026-04-10,21:53:00,-07:00,2026-04-10T21:53:00-07:00,6,31
projects\index.html,43,html,019c3671,xiaocheng05,2026-04-10,21:53:00,-07:00,2026-04-10T21:53:00-07:00,6,70
projects\index.html,44,html,019c3671,xiaocheng05,2026-04-10,21:53:00,-07:00,2026-04-10T21:53:00-07:00,6,240
projects\index.html,45,html,019c3671,xiaocheng05,2026-04-10,21:53:00,-07:00,2026-04-10T21:53:00-07:00,4,8
projects\index.html,46,html,019c3671,xiaocheng05,2026-04-10,21:53:00,-07:00,2026-04-10T21:53:00-07:00,4,7
projects\index.html,47,html,019c3671,xiaocheng05,2026-04-10,21:53:00,-07:00,2026-04-10T21:53:00-07:00,6,37
projects\index.html,48,html,019c3671,xiaocheng05,2026-04-10,21:53:00,-07:00,2026-04-10T21:53:00-07:00,6,70
projects\index.html,49,html,019c3671,xiaocheng05,2026-04-10,21:53:00,-07:00,2026-04-10T21:53:00-07:00,6,233
projects\index.html,50,html,019c3671,xiaocheng05,2026-04-10,21:53:00,-07:00,2026-04-10T21:53:00-07:00,4,8
projects\index.html,51,html,019c3671,xiaocheng05,2026-04-10,21:53:00,-07:00,2026-04-10T21:53:00-07:00,4,7
projects\index.html,52,html,019c3671,xiaocheng05,2026-04-10,21:53:00,-07:00,2026-04-10T21:53:00-07:00,6,43
projects\index.html,53,html,019c3671,xiaocheng05,2026-04-10,21:53:00,-07:00,2026-04-10T21:53:00-07:00,6,70
projects\index.html,54,html,019c3671,xiaocheng05,2026-04-10,21:53:00,-07:00,2026-04-10T21:53:00-07:00,6,252
projects\index.html,55,html,019c3671,xiaocheng05,2026-04-10,21:53:00,-07:00,2026-04-10T21:53:00-07:00,4,8
projects\index.html,56,html,019c3671,xiaocheng05,2026-04-10,21:53:00,-07:00,2026-04-10T21:53:00-07:00,4,7
projects\index.html,57,html,019c3671,xiaocheng05,2026-04-10,21:53:00,-07:00,2026-04-10T21:53:00-07:00,6,39
projects\index.html,58,html,019c3671,xiaocheng05,2026-04-10,21:53:00,-07:00,2026-04-10T21:53:00-07:00,6,70
projects\index.html,59,html,019c3671,xiaocheng05,2026-04-10,21:53:00,-07:00,2026-04-10T21:53:00-07:00,6,221
projects\index.html,60,html,019c3671,xiaocheng05,2026-04-10,21:53:00,-07:00,2026-04-10T21:53:00-07:00,4,8
projects\index.html,61,html,019c3671,xiaocheng05,2026-04-10,21:53:00,-07:00,2026-04-10T21:53:00-07:00,4,7
projects\index.html,62,html,019c3671,xiaocheng05,2026-04-10,21:53:00,-07:00,2026-04-10T21:53:00-07:00,6,41
projects\index.html,63,html,019c3671,xiaocheng05,2026-04-10,21:53:00,-07:00,2026-04-10T21:53:00-07:00,6,70
projects\index.html,64,html,019c3671,xiaocheng05,2026-04-10,21:53:00,-07:00,2026-04-10T21:53:00-07:00,6,232
projects\index.html,65,html,019c3671,xiaocheng05,2026-04-10,21:53:00,-07:00,2026-04-10T21:53:00-07:00,4,8
projects\index.html,66,html,019c3671,xiaocheng05,2026-04-10,21:53:00,-07:00,2026-04-10T21:53:00-07:00,4,7
projects\index.html,67,html,019c3671,xiaocheng05,2026-04-10,21:53:00,-07:00,2026-04-10T21:53:00-07:00,6,36
projects\index.html,68,html,019c3671,xiaocheng05,2026-04-10,21:53:00,-07:00,2026-04-10T21:53:00-07:00,6,70
projects\index.html,69,html,019c3671,xiaocheng05,2026-04-10,21:53:00,-07:00,2026-04-10T21:53:00-07:00,6,257
projects\index.html,70,html,019c3671,xiaocheng05,2026-04-10,21:53:00,-07:00,2026-04-10T21:53:00-07:00,4,8
projects\index.html,71,html,019c3671,xiaocheng05,2026-04-10,21:53:00,-07:00,2026-04-10T21:53:00-07:00,4,7
projects\index.html,72,html,019c3671,xiaocheng05,2026-04-10,21:53:00,-07:00,2026-04-10T21:53:00-07:00,6,33
projects\index.html,73,html,019c3671,xiaocheng05,2026-04-10,21:53:00,-07:00,2026-04-10T21:53:00-07:00,6,70
projects\index.html,74,html,019c3671,xiaocheng05,2026-04-10,21:53:00,-07:00,2026-04-10T21:53:00-07:00,6,231
projects\index.html,75,html,019c3671,xiaocheng05,2026-04-10,21:53:00,-07:00,2026-04-10T21:53:00-07:00,4,8
projects\index.html,76,html,019c3671,xiaocheng05,2026-04-10,21:53:00,-07:00,2026-04-10T21:53:00-07:00,4,7
projects\index.html,77,html,019c3671,xiaocheng05,2026-04-10,21:53:00,-07:00,2026-04-10T21:53:00-07:00,6,45
projects\index.html,78,html,019c3671,xiaocheng05,2026-04-10,21:53:00,-07:00,2026-04-10T21:53:00-07:00,6,70
projects\index.html,79,html,019c3671,xiaocheng05,2026-04-10,21:53:00,-07:00,2026-04-10T21:53:00-07:00,6,227
projects\index.html,80,html,019c3671,xiaocheng05,2026-04-10,21:53:00,-07:00,2026-04-10T21:53:00-07:00,4,8
projects\index.html,81,html,019c3671,xiaocheng05,2026-04-10,21:53:00,-07:00,2026-04-10T21:53:00-07:00,4,7
projects\index.html,82,html,019c3671,xiaocheng05,2026-04-10,21:53:00,-07:00,2026-04-10T21:53:00-07:00,6,28
projects\index.html,83,html,019c3671,xiaocheng05,2026-04-10,21:53:00,-07:00,2026-04-10T21:53:00-07:00,6,70
projects\index.html,84,html,019c3671,xiaocheng05,2026-04-10,21:53:00,-07:00,2026-04-10T21:53:00-07:00,6,224
projects\index.html,85,html,019c3671,xiaocheng05,2026-04-10,21:53:00,-07:00,2026-04-10T21:53:00-07:00,4,8
projects\index.html,86,html,019c3671,xiaocheng05,2026-04-10,21:53:00,-07:00,2026-04-10T21:53:00-07:00,4,7
projects\index.html,87,html,019c3671,xiaocheng05,2026-04-10,21:53:00,-07:00,2026-04-10T21:53:00-07:00,6,46
projects\index.html,88,html,019c3671,xiaocheng05,2026-04-10,21:53:00,-07:00,2026-04-10T21:53:00-07:00,6,70
projects\index.html,89,html,019c3671,xiaocheng05,2026-04-10,21:53:00,-07:00,2026-04-10T21:53:00-07:00,6,222
projects\index.html,90,html,019c3671,xiaocheng05,2026-04-10,21:53:00,-07:00,2026-04-10T21:53:00-07:00,4,8
projects\index.html,91,html,019c3671,xiaocheng05,2026-04-10,21:53:00,-07:00,2026-04-10T21:53:00-07:00,4,7
projects\index.html,92,html,019c3671,xiaocheng05,2026-04-10,21:53:00,-07:00,2026-04-10T21:53:00-07:00,6,31
projects\index.html,93,html,019c3671,xiaocheng05,2026-04-10,21:53:00,-07:00,2026-04-10T21:53:00-07:00,6,70
projects\index.html,94,html,019c3671,xiaocheng05,2026-04-10,21:53:00,-07:00,2026-04-10T21:53:00-07:00,6,217
projects\index.html,95,html,1fea8983,xiaocheng05,2026-04-24,21:03:50,-07:00,2026-04-24T21:03:50-07:00,4,12
projects\index.html,96,html,019c3671,xiaocheng05,2026-04-10,21:53:00,-07:00,2026-04-10T21:53:00-07:00,2,4
projects\index.html,97,html,019c3671,xiaocheng05,2026-04-10,21:53:00,-07:00,2026-04-10T21:53:00-07:00,0,0
projects\index.html,98,html,019c3671,xiaocheng05,2026-04-10,21:53:00,-07:00,2026-04-10T21:53:00-07:00,0,0
projects\index.html,99,html,790a8d9b,xiaocheng05,2026-04-03,23:17:02,-07:00,2026-04-03T23:17:02-07:00,0,5
projects\index.html,100,html,790a8d9b,xiaocheng05,2026-04-03,23:17:02,-07:00,2026-04-03T23:17:02-07:00,0,0
projects\index.html,101,html,790a8d9b,xiaocheng05,2026-04-03,23:17:02,-07:00,2026-04-03T23:17:02-07:00,0,5
contact\index.html,1,html,790a8d9b,xiaocheng05,2026-04-03,23:17:02,-07:00,2026-04-03T23:17:02-07:00,0,13
contact\index.html,2,html,790a8d9b,xiaocheng05,2026-04-03,23:17:02,-07:00,2026-04-03T23:17:02-07:00,0,14
contact\index.html,3,html,790a8d9b,xiaocheng05,2026-04-03,23:17:02,-07:00,2026-04-03T23:17:02-07:00,0,0
contact\index.html,4,html,790a8d9b,xiaocheng05,2026-04-03,23:17:02,-07:00,2026-04-03T23:17:02-07:00,0,4
contact\index.html,5,html,790a8d9b,xiaocheng05,2026-04-03,23:17:02,-07:00,2026-04-03T23:17:02-07:00,2,20
contact\index.html,6,html,790a8d9b,xiaocheng05,2026-04-03,23:17:02,-07:00,2026-04-03T23:17:02-07:00,2,68
contact\index.html,7,html,019c3671,xiaocheng05,2026-04-10,21:53:00,-07:00,2026-04-10T21:53:00-07:00,2,41
contact\index.html,8,html,790a8d9b,xiaocheng05,2026-04-03,23:17:02,-07:00,2026-04-03T23:17:02-07:00,2,20
contact\index.html,9,html,790a8d9b,xiaocheng05,2026-04-03,23:17:02,-07:00,2026-04-03T23:17:02-07:00,0,5
contact\index.html,10,html,790a8d9b,xiaocheng05,2026-04-03,23:17:02,-07:00,2026-04-03T23:17:02-07:00,0,0
contact\index.html,11,html,790a8d9b,xiaocheng05,2026-04-03,23:17:02,-07:00,2026-04-03T23:17:02-07:00,0,4
contact\index.html,12,html,019c3671,xiaocheng05,2026-04-10,21:53:00,-07:00,2026-04-10T21:53:00-07:00,0,0
contact\index.html,13,html,35a9c992,xiaocheng05,2026-04-17,21:43:33,-07:00,2026-04-17T21:43:33-07:00,2,48
contact\index.html,14,html,35a9c992,xiaocheng05,2026-04-17,21:43:33,-07:00,2026-04-17T21:43:33-07:00,0,0
contact\index.html,15,html,35a9c992,xiaocheng05,2026-04-17,21:43:33,-07:00,2026-04-17T21:43:33-07:00,2,8
contact\index.html,16,html,019c3671,xiaocheng05,2026-04-10,21:53:00,-07:00,2026-04-10T21:53:00-07:00,4,2
contact\index.html,17,html,019c3671,xiaocheng05,2026-04-10,21:53:00,-07:00,2026-04-10T21:53:00-07:00,6,39
contact\index.html,18,html,019c3671,xiaocheng05,2026-04-10,21:53:00,-07:00,2026-04-10T21:53:00-07:00,6,52
contact\index.html,19,html,35a9c992,xiaocheng05,2026-04-17,21:43:33,-07:00,2026-04-17T21:43:33-07:00,6,39
contact\index.html,20,html,019c3671,xiaocheng05,2026-04-10,21:53:00,-07:00,2026-04-10T21:53:00-07:00,6,48
contact\index.html,21,html,019c3671,xiaocheng05,2026-04-10,21:53:00,-07:00,2026-04-10T21:53:00-07:00,6,75
contact\index.html,22,html,019c3671,xiaocheng05,2026-04-10,21:53:00,-07:00,2026-04-10T21:53:00-07:00,4,3
contact\index.html,23,html,35a9c992,xiaocheng05,2026-04-17,21:43:33,-07:00,2026-04-17T21:43:33-07:00,2,8
contact\index.html,24,html,019c3671,xiaocheng05,2026-04-10,21:53:00,-07:00,2026-04-10T21:53:00-07:00,0,0
contact\index.html,25,html,790a8d9b,xiaocheng05,2026-04-03,23:17:02,-07:00,2026-04-03T23:17:02-07:00,2,14
contact\index.html,26,html,790a8d9b,xiaocheng05,2026-04-03,23:17:02,-07:00,2026-04-03T23:17:02-07:00,0,0
contact\index.html,27,html,019c3671,xiaocheng05,2026-04-10,21:53:00,-07:00,2026-04-10T21:53:00-07:00,2,39
contact\index.html,28,html,790a8d9b,xiaocheng05,2026-04-03,23:17:02,-07:00,2026-04-03T23:17:02-07:00,0,0
contact\index.html,29,html,790a8d9b,xiaocheng05,2026-04-03,23:17:02,-07:00,2026-04-03T23:17:02-07:00,4,5
contact\index.html,30,html,790a8d9b,xiaocheng05,2026-04-03,23:17:02,-07:00,2026-04-03T23:17:02-07:00,6,4
contact\index.html,31,html,790a8d9b,xiaocheng05,2026-04-03,23:17:02,-07:00,2026-04-03T23:17:02-07:00,6,31
contact\index.html,32,html,790a8d9b,xiaocheng05,2026-04-03,23:17:02,-07:00,2026-04-03T23:17:02-07:00,4,6
contact\index.html,33,html,790a8d9b,xiaocheng05,2026-04-03,23:17:02,-07:00,2026-04-03T23:17:02-07:00,0,0
contact\index.html,34,html,790a8d9b,xiaocheng05,2026-04-03,23:17:02,-07:00,2026-04-03T23:17:02-07:00,4,5
contact\index.html,35,html,790a8d9b,xiaocheng05,2026-04-03,23:17:02,-07:00,2026-04-03T23:17:02-07:00,6,6
contact\index.html,36,html,790a8d9b,xiaocheng05,2026-04-03,23:17:02,-07:00,2026-04-03T23:17:02-07:00,6,20
contact\index.html,37,html,790a8d9b,xiaocheng05,2026-04-03,23:17:02,-07:00,2026-04-03T23:17:02-07:00,4,6
contact\index.html,38,html,790a8d9b,xiaocheng05,2026-04-03,23:17:02,-07:00,2026-04-03T23:17:02-07:00,0,0
contact\index.html,39,html,790a8d9b,xiaocheng05,2026-04-03,23:17:02,-07:00,2026-04-03T23:17:02-07:00,4,5
contact\index.html,40,html,790a8d9b,xiaocheng05,2026-04-03,23:17:02,-07:00,2026-04-03T23:17:02-07:00,6,3
contact\index.html,41,html,790a8d9b,xiaocheng05,2026-04-03,23:17:02,-07:00,2026-04-03T23:17:02-07:00,6,31
contact\index.html,42,html,790a8d9b,xiaocheng05,2026-04-03,23:17:02,-07:00,2026-04-03T23:17:02-07:00,4,6
contact\index.html,43,html,790a8d9b,xiaocheng05,2026-04-03,23:17:02,-07:00,2026-04-03T23:17:02-07:00,0,0
contact\index.html,44,html,790a8d9b,xiaocheng05,2026-04-03,23:17:02,-07:00,2026-04-03T23:17:02-07:00,4,21
contact\index.html,45,html,790a8d9b,xiaocheng05,2026-04-03,23:17:02,-07:00,2026-04-03T23:17:02-07:00,0,0
contact\index.html,46,html,790a8d9b,xiaocheng05,2026-04-03,23:17:02,-07:00,2026-04-03T23:17:02-07:00,2,5
contact\index.html,47,html,790a8d9b,xiaocheng05,2026-04-03,23:17:02,-07:00,2026-04-03T23:17:02-07:00,0,0
contact\index.html,48,html,790a8d9b,xiaocheng05,2026-04-03,23:17:02,-07:00,2026-04-03T23:17:02-07:00,0,5
contact\index.html,49,html,790a8d9b,xiaocheng05,2026-04-03,23:17:02,-07:00,2026-04-03T23:17:02-07:00,0,0
contact\index.html,50,html,790a8d9b,xiaocheng05,2026-04-03,23:17:02,-07:00,2026-04-03T23:17:02-07:00,0,5
